Data,Pastabos,Adresas,Adresas,Adresas,Adresas,Adresas,Adresas,Adresas,Adresas,Adresas,Adresas,Adresas,Adresas,Adresas,Adresas,Adresas,Adresas,Adresas,Adresas,Adresas,Adresas,Adresas,Adresas,Adresas,Adresas,Adresas,Adresas,Adresas,Adresas,Adresas,Adresas,Adresas,Adresas,Adresas,Adresas,Adresas,Adresas,Adresas,Adresas,Adresas,Adresas,Adresas,Adresas,Adresas,Adresas,Adresas,Adresas,Adresas,Adresas,Adresas,Adresas,Adresas,Adresas,Adresas,Adresas,Adresas,Adresas,Adresas,Adresas,Adresas,Adresas,Adresas,Adresas,Adresas,Adresas,Adresas,Adresas,Adresas,Adresas,Adresas
2019-01-03,remontuojamas vandentiekio įvadas.,Partizanų g. 102,,,,,,,,,,,,,,,,,,,,,,,,,,,,,,,,,,,,,,,,,,,,,,,,,,,,,,,,,,,,,,,,,,,,
2019-01-03,tikrinami vandentiekio tinklai.,Partizanų g.,,,,,,,,,,,,,,,,,,,,,,,,,,,,,,,,,,,,,,,,,,,,,,,,,,,,,,,,,,,,,,,,,,,,
2019-01-03,remontuojama buitinių nuotekų linija.,Veršvos g. 2 (Domeikava),,,,,,,,,,,,,,,,,,,,,,,,,,,,,,,,,,,,,,,,,,,,,,,,,,,,,,,,,,,,,,,,,,,,
2019-01-03,remontuojami šuliniai.,Veiverių g. 45A,Šlaito g. 14 (Domeikava),Žemaičių g. 91,Partizanų g. 72,,,,,,,,,,,,,,,,,,,,,,,,,,,,,,,,,,,,,,,,,,,,,,,,,,,,,,,,,,,,,,,,,
2019-01-03,tikrinami ir plaunami buitinių ir lietaus nuotekų tinklai.,Patrimpo g. 29,Šiaurės pr. 35,Žemuogių g. 7,S. Dariaus ir S. Girėno g. 19,V. Kuzmos g. 6,,,,,,,,,,,,,,,,,,,,,,,,,,,,,,,,,,,,,,,,,,,,,,,,,,,,,,,,,,,,,,,,
2019-01-02,remontuojama vandentiekio linija.,S. Šalkauskio g. 32,,,,,,,,,,,,,,,,,,,,,,,,,,,,,,,,,,,,,,,,,,,,,,,,,,,,,,,,,,,,,,,,,,,,
2019-01-02,remontuojami šuliniai.,Pramonės pr. 32,Taikos pr. 46,,,,,,,,,,,,,,,,,,,,,,,,,,,,,,,,,,,,,,,,,,,,,,,,,,,,,,,,,,,,,,,,,,,
2019-01-02,"tikslinamos šulinių vietos, vykdomas jų remontas.",Jotvingių g. 12,Panerių g.,Varnių g.,,,,,,,,,,,,,,,,,,,,,,,,,,,,,,,,,,,,,,,,,,,,,,,,,,,,,,,,,,,,,,,,,,
2019-01-02,valomi šuliniai.,Vilniaus g. 15,S. Lozoraičio g. 3B,Šlaito g. 14,,,,,,,,,,,,,,,,,,,,,,,,,,,,,,,,,,,,,,,,,,,,,,,,,,,,,,,,,,,,,,,,,,
2019-01-02,tikrinami ir plaunami buitinių ir lietaus nuotekų tinklai.,9 Forto g. 72,A. Mackevičiaus g. 16,V. Krėvės pr. 26,A. Šociko g. 3,Vilniaus g. 15,S. Lozoraičio g. 3B,Šlaito g. 14,,,,,,,,,,,,,,,,,,,,,,,,,,,,,,,,,,,,,,,,,,,,,,,,,,,,,,,,,,,,,,
2018-12-31,remontuojamos vandentiekio linijos.,Raudondvario pl. 150,Kaltinėnų g. 30,,,,,,,,,,,,,,,,,,,,,,,,,,,,,,,,,,,,,,,,,,,,,,,,,,,,,,,,,,,,,,,,,,,
2018-12-31,remontuojamas šulinys.,Veiverių g. 45A,,,,,,,,,,,,,,,,,,,,,,,,,,,,,,,,,,,,,,,,,,,,,,,,,,,,,,,,,,,,,,,,,,,,
2018-12-31,tikrinamas vandentiekio įvadas.,Savanorių pr. 3,,,,,,,,,,,,,,,,,,,,,,,,,,,,,,,,,,,,,,,,,,,,,,,,,,,,,,,,,,,,,,,,,,,,
2018-12-31,tikrinami ir plaunami buitinių nuotekų tinklai.,Taikos pr. 116F,Šlaito g. 14,S. Lozoraičio g. 3B,Kranto 18 - oji g. 36,,,,,,,,,,,,,,,,,,,,,,,,,,,,,,,,,,,,,,,,,,,,,,,,,,,,,,,,,,,,,,,,,
2018-12-28,remontuojama vandentiekio linija.,R. Kalantos g. 10,,,,,,,,,,,,,,,,,,,,,,,,,,,,,,,,,,,,,,,,,,,,,,,,,,,,,,,,,,,,,,,,,,,,
2018-12-28,keičiama vandentiekio sklendė.,Gabijos g. 4,,,,,,,,,,,,,,,,,,,,,,,,,,,,,,,,,,,,,,,,,,,,,,,,,,,,,,,,,,,,,,,,,,,,
2018-12-28,šulinyje remontuojamas vandentiekio įvadas.,Vydūno al. 21,,,,,,,,,,,,,,,,,,,,,,,,,,,,,,,,,,,,,,,,,,,,,,,,,,,,,,,,,,,,,,,,,,,,
2018-12-28,remontuojami šuliniai.,Panerių g. / Varnių g.,,,,,,,,,,,,,,,,,,,,,,,,,,,,,,,,,,,,,,,,,,,,,,,,,,,,,,,,,,,,,,,,,,,,
2018-12-28,valomi šuliniai.,Baltų pr. 120,Partizanų g. 74,,,,,,,,,,,,,,,,,,,,,,,,,,,,,,,,,,,,,,,,,,,,,,,,,,,,,,,,,,,,,,,,,,,
2018-12-28,montuojami vandens nutekėjimo davikliai.,Kranto 18 - oji g. 36,,,,,,,,,,,,,,,,,,,,,,,,,,,,,,,,,,,,,,,,,,,,,,,,,,,,,,,,,,,,,,,,,,,,
2018-12-28,tikrinami ir plaunami buitinių nuotekų tinklai.,Ramybės g. 55A – 35,Partizanų g. 74,,,,,,,,,,,,,,,,,,,,,,,,,,,,,,,,,,,,,,,,,,,,,,,,,,,,,,,,,,,,,,,,,,,
2018-12-27,remontuojama vandentiekio linija.,Chemijos g. 6A,,,,,,,,,,,,,,,,,,,,,,,,,,,,,,,,,,,,,,,,,,,,,,,,,,,,,,,,,,,,,,,,,,,,
2018-12-27,remontuojamas lietaus surinkimo šulinėlis.,Sukilėlių pr. 36,,,,,,,,,,,,,,,,,,,,,,,,,,,,,,,,,,,,,,,,,,,,,,,,,,,,,,,,,,,,,,,,,,,,
2018-12-27,valomas ir remontuojamas šulinys.,Rnguvos g. 44,,,,,,,,,,,,,,,,,,,,,,,,,,,,,,,,,,,,,,,,,,,,,,,,,,,,,,,,,,,,,,,,,,,,
2018-12-27,tvarkoma įgriuva ir šulinys.,Partizanų g. 74,,,,,,,,,,,,,,,,,,,,,,,,,,,,,,,,,,,,,,,,,,,,,,,,,,,,,,,,,,,,,,,,,,,,
2018-12-27,tikrinami ir plaunami buitinių nuotekų tinklai.,Liepų g. 33,Ringuvos g. 44,Baltijos g. 56,A. Šociko g. 13,,,,,,,,,,,,,,,,,,,,,,,,,,,,,,,,,,,,,,,,,,,,,,,,,,,,,,,,,,,,,,,,,
2018-12-21,remontuojamas vandentiekio įvadas.,Žalgirio g. 9 (Ringaudai),,,,,,,,,,,,,,,,,,,,,,,,,,,,,,,,,,,,,,,,,,,,,,,,,,,,,,,,,,,,,,,,,,,,
2018-12-21,tikrinami vandentiekio tinklai.,Šilalės g. 5,Sukilėlių pr. 78A,,,,,,,,,,,,,,,,,,,,,,,,,,,,,,,,,,,,,,,,,,,,,,,,,,,,,,,,,,,,,,,,,,,
2018-12-21,"remontuojami šuliniai, keičiami dangčiai.",A. Juozapavičiaus pr. 53,Veiverių g. 107,R. Kalantos g. 173,,,,,,,,,,,,,,,,,,,,,,,,,,,,,,,,,,,,,,,,,,,,,,,,,,,,,,,,,,,,,,,,,,
2018-12-21,tikrinami šuliniai.,M. Daukšos g. 26A,,,,,,,,,,,,,,,,,,,,,,,,,,,,,,,,,,,,,,,,,,,,,,,,,,,,,,,,,,,,,,,,,,,,
2018-12-21,tikslinami neteisėti lietaus nuotekų pajungimo į buitinių nuotekų tinklą atvejai.,Garliavos pl. 37,,,,,,,,,,,,,,,,,,,,,,,,,,,,,,,,,,,,,,,,,,,,,,,,,,,,,,,,,,,,,,,,,,,,
2018-12-21,tikrinami ir plaunami buitinių nuotekų tinklai.,V. Kuzmos g. 6,Plento g. 24,Kleboniškio g. 5,,,,,,,,,,,,,,,,,,,,,,,,,,,,,,,,,,,,,,,,,,,,,,,,,,,,,,,,,,,,,,,,,,
2018-12-20,remontuojama vandentiekio linija.,A. Žukausko g. 27,,,,,,,,,,,,,,,,,,,,,,,,,,,,,,,,,,,,,,,,,,,,,,,,,,,,,,,,,,,,,,,,,,,,
2018-12-20,linijoje atnaujinamas vandens tiekimas.,Vokiečių g. 161,A. Juozapavičiaus pr. 7F,,,,,,,,,,,,,,,,,,,,,,,,,,,,,,,,,,,,,,,,,,,,,,,,,,,,,,,,,,,,,,,,,,,
2018-12-20,tikrinamas vandentiekio įvadas.,Tulpių g. 23,,,,,,,,,,,,,,,,,,,,,,,,,,,,,,,,,,,,,,,,,,,,,,,,,,,,,,,,,,,,,,,,,,,,
2018-12-20,tvarkoma įgriuva.,A. Mapu g. 13A,,,,,,,,,,,,,,,,,,,,,,,,,,,,,,,,,,,,,,,,,,,,,,,,,,,,,,,,,,,,,,,,,,,,
2018-12-20,remontuojamas šulinys.,A. Juozapavičiaus pr. 56,,,,,,,,,,,,,,,,,,,,,,,,,,,,,,,,,,,,,,,,,,,,,,,,,,,,,,,,,,,,,,,,,,,,
2018-12-20,tikrinami gaisriniai hidrantai.,Savanorių pr.,Pramonės pr.,Partizanų g.,,,,,,,,,,,,,,,,,,,,,,,,,,,,,,,,,,,,,,,,,,,,,,,,,,,,,,,,,,,,,,,,,,
2018-12-20,valomi šuliniai.,Partizanų g. 48,Partizanų g. 68,Užliedžių g.,Marių g. 7,S. Daukanto g. 8,,,,,,,,,,,,,,,,,,,,,,,,,,,,,,,,,,,,,,,,,,,,,,,,,,,,,,,,,,,,,,,,
2018-12-20,tikrinami ir plaunami buitinių ir lietaus nuotekų tinklai.,Partizanų g. 48,Partizanų g. 68,Užliedžių g.,Marių g. 7,Daukanto g. 8,,,,,,,,,,,,,,,,,,,,,,,,,,,,,,,,,,,,,,,,,,,,,,,,,,,,,,,,,,,,,,,,
2018-12-20,remontuojamas lietaus nuotekų tinklo šulinys.,Pramonės pr. 25,,,,,,,,,,,,,,,,,,,,,,,,,,,,,,,,,,,,,,,,,,,,,,,,,,,,,,,,,,,,,,,,,,,,
2018-12-20,"remontuojamas buitinių nuotekų tinklo šulinys, tvarkoma įgriuva.",Ukmergės g. 16,,,,,,,,,,,,,,,,,,,,,,,,,,,,,,,,,,,,,,,,,,,,,,,,,,,,,,,,,,,,,,,,,,,,
2018-12-19,Dėl  vandentiekio linijos remonto darbų gruodžio 19 d. nuo 8 val. iki 11 val. laikinai nutrauktas vandens tiekimas. Atnaujinus vandens tiekimą gali pablogėti vandens kokybė.,Savanorių pr. Nr. 60,,,,,,,,,,,,,,,,,,,,,,,,,,,,,,,,,,,,,,,,,,,,,,,,,,,,,,,,,,,,,,,,,,,,
2018-12-19,remontuojama vandentiekio linija.,P. Plechavičiaus g. 17,,,,,,,,,,,,,,,,,,,,,,,,,,,,,,,,,,,,,,,,,,,,,,,,,,,,,,,,,,,,,,,,,,,,
2018-12-19,remontuojamas vandens apskaitos mazgas.,Tauragės g. 8,,,,,,,,,,,,,,,,,,,,,,,,,,,,,,,,,,,,,,,,,,,,,,,,,,,,,,,,,,,,,,,,,,,,
2018-12-19,"tikrinami vandentiekio tinklai, tikslinama vandens nutekėjimo vieta.",A. Juozapavičiaus pr. 7,,,,,,,,,,,,,,,,,,,,,,,,,,,,,,,,,,,,,,,,,,,,,,,,,,,,,,,,,,,,,,,,,,,,
2018-12-19,"remontuojami šuliniai, keičiamas liukas ir  dangtis.",A. Juozapavičiaus pr. 56,Energetikų g.48,Maironio g. 14,Technikos g. 24,,,,,,,,,,,,,,,,,,,,,,,,,,,,,,,,,,,,,,,,,,,,,,,,,,,,,,,,,,,,,,,,,
2018-12-19,tikrinami ir plaunami buitinių ir lietaus nuotekų tinklai.,Nemuno g. 12 (Rokai),Volungių g. 6 (Domeikava),S. Daukanto g. 8,Veršvos g. 2,R. Kalantos g. 10,Bitininkų g. 31,P. Kalpoko g. 31,,,,,,,,,,,,,,,,,,,,,,,,,,,,,,,,,,,,,,,,,,,,,,,,,,,,,,,,,,,,,,
2018-12-18,"Dėl vandentiekio sklendės keitimo darbų, gruodžio 18 d. nuo 13 val. iki 17 val. laikinai nutraukiamas vandens tiekimas. Atnaujinus vandens tiekimą laikinai gali pablogėti vandens kokybė.",Aukštaičių g. 42,Aukštaičių g. 43,Aukštaičių g. 44,Aukštaičių g. 45,Aukštaičių g. 46,Kauko al. 20,Kauko al. 22,Kauko al. 24,,,,,,,,,,,,,,,,,,,,,,,,,,,,,,,,,,,,,,,,,,,,,,,,,,,,,,,,,,,,,
2018-12-18,remontuojamos vandentiekio linijos.,E. Fryko g. 8,Ukmergės g. 14,,,,,,,,,,,,,,,,,,,,,,,,,,,,,,,,,,,,,,,,,,,,,,,,,,,,,,,,,,,,,,,,,,,
2018-12-18,keičiama vandentiekio sklendė.,Žalgirio g. 9 (Ringaudai),,,,,,,,,,,,,,,,,,,,,,,,,,,,,,,,,,,,,,,,,,,,,,,,,,,,,,,,,,,,,,,,,,,,
2018-12-18,tikrinamos vandentiekio sklendės.,Breslaujos g.,,,,,,,,,,,,,,,,,,,,,,,,,,,,,,,,,,,,,,,,,,,,,,,,,,,,,,,,,,,,,,,,,,,,
2018-12-18,vandentiekio linijoje atnaujinamas vandens tiekimas.,Kovo 11-osios g.,V. Krėvės pr.,,,,,,,,,,,,,,,,,,,,,,,,,,,,,,,,,,,,,,,,,,,,,,,,,,,,,,,,,,,,,,,,,,,
2018-12-18,tinkluose ir įvaduose matuojamas vandens slėgis.,M. Daukšos g. 20,M. Daukšos g. 20A,M. Daukšos g. 20B,,,,,,,,,,,,,,,,,,,,,,,,,,,,,,,,,,,,,,,,,,,,,,,,,,,,,,,,,,,,,,,,,,
2018-12-18,valomi šuliniai.,Universiteto g. 2,Partizanų g. 48,Užnerio g. 57,,,,,,,,,,,,,,,,,,,,,,,,,,,,,,,,,,,,,,,,,,,,,,,,,,,,,,,,,,,,,,,,,,
2018-12-18,remontuojamas buitinių nuotekų tinklas.,Laisvės al. 33,,,,,,,,,,,,,,,,,,,,,,,,,,,,,,,,,,,,,,,,,,,,,,,,,,,,,,,,,,,,,,,,,,,,
2018-12-18,gavus prašymą nutraukiamas vandens tiekimas.,Vievio g. 35,Vasarvietės g.13M,,,,,,,,,,,,,,,,,,,,,,,,,,,,,,,,,,,,,,,,,,,,,,,,,,,,,,,,,,,,,,,,,,,
2018-12-18,tikrinami ir plaunami buitinių ir lietaus nuotekų tinklai.,Kuzmos g. 6,Universiteto g. 2,Partizanų g. 48,Bitininkų g. 31,Užnerio g. 57,Vytėnų g. 23,J. Basanavičiaus al. 53,,,,,,,,,,,,,,,,,,,,,,,,,,,,,,,,,,,,,,,,,,,,,,,,,,,,,,,,,,,,,,
2018-12-17,"Dėl vandentiekio linijos avarijos, gruodžio 17 d. nuo 12 val. iki 17 val.  laikinai nutraukiamas vandens tiekimas Akademijos miesteliui, sodų bendrijai. Atnaujinus vandens tiekimą laikinai gali pablogėti vandens kokybė.",Tako g.,Pilėnų g.,Mokyklos g.,,,,,,,,,,,,,,,,,,,,,,,,,,,,,,,,,,,,,,,,,,,,,,,,,,,,,,,,,,,,,,,,,,
2018-12-17,"Dėl vandentiekio rekonstrukcijos darbų, gruodžio 18 d. nuo 19 val. iki 23 val. laikinai nutraukiamas vandens tiekimas atkarpoje nuo K. Griniaus g. iki Varnių g. Atnaujinus vandens tiekimą laikinai gali pablogėti vandens kokybė.",K. Griniaus g.,Varnių g.,,,,,,,,,,,,,,,,,,,,,,,,,,,,,,,,,,,,,,,,,,,,,,,,,,,,,,,,,,,,,,,,,,,
2018-12-17,remontuojama vandentiekio linija.,Breslaujos g. 2,,,,,,,,,,,,,,,,,,,,,,,,,,,,,,,,,,,,,,,,,,,,,,,,,,,,,,,,,,,,,,,,,,,,
2018-12-17,tikrinamos vandentiekio sklendės.,Neries krantinė,Radvilėnų pl. 21,,,,,,,,,,,,,,,,,,,,,,,,,,,,,,,,,,,,,,,,,,,,,,,,,,,,,,,,,,,,,,,,,,,
2018-12-17,valomi ir remontuojami šuliniai.,Bitininkų g. 31,Partizanų g. 48,Panerių g. 43,Veiverių g. 107,,,,,,,,,,,,,,,,,,,,,,,,,,,,,,,,,,,,,,,,,,,,,,,,,,,,,,,,,,,,,,,,,
2018-12-17,tikrinami tinklai.,Kaišiadorių g.10,Tilvikų takas Nr. 25,,,,,,,,,,,,,,,,,,,,,,,,,,,,,,,,,,,,,,,,,,,,,,,,,,,,,,,,,,,,,,,,,,,
2018-12-17,tikrinami ir plaunami buitinių ir lietaus nuotekų tinklai.,V. Krėvės pr. 26,Maironio g. 14,Bitininkų g. 31,Partizanų g. 48,Panerių g. 43,,,,,,,,,,,,,,,,,,,,,,,,,,,,,,,,,,,,,,,,,,,,,,,,,,,,,,,,,,,,,,,,
2018-12-14,"Dėl vandentiekio linijos rekonstrukcijos darbų, gruodžio 14 d. nuo 9 val. iki 14 val. laikinai nutraukiamas vandens tiekimas. Atnaujinus vandens tiekimą gali pablogėti vandens kokybė.",Laisvės al. 57,Laisvės al. 59,,,,,,,,,,,,,,,,,,,,,,,,,,,,,,,,,,,,,,,,,,,,,,,,,,,,,,,,,,,,,,,,,,,
2018-12-14,remontuojama vandentiekio linija.,Kėkštų g. 31,,,,,,,,,,,,,,,,,,,,,,,,,,,,,,,,,,,,,,,,,,,,,,,,,,,,,,,,,,,,,,,,,,,,
2018-12-14,remontuojamas vandentiekio įvadas.,Kapsų g. 4,,,,,,,,,,,,,,,,,,,,,,,,,,,,,,,,,,,,,,,,,,,,,,,,,,,,,,,,,,,,,,,,,,,,
2018-12-14,tikrinami vandentiekio tinklai.,Palemono g.,Ateities pl.,,,,,,,,,,,,,,,,,,,,,,,,,,,,,,,,,,,,,,,,,,,,,,,,,,,,,,,,,,,,,,,,,,,
2018-12-14,tikrinamos vandentiekio sklendės.,Aukštaičių g.,Žemuogių g.,Kauko al.,,,,,,,,,,,,,,,,,,,,,,,,,,,,,,,,,,,,,,,,,,,,,,,,,,,,,,,,,,,,,,,,,,
2018-12-14,matuojamas vandens slėgis.,Įgulos g.,Varpo g.,Stumbro g. (Šakių k.),,,,,,,,,,,,,,,,,,,,,,,,,,,,,,,,,,,,,,,,,,,,,,,,,,,,,,,,,,,,,,,,,,
2018-12-14,keičiamas liukas ir dangtis.,Kranto al. 50,,,,,,,,,,,,,,,,,,,,,,,,,,,,,,,,,,,,,,,,,,,,,,,,,,,,,,,,,,,,,,,,,,,,
2018-12-14,remontuojamas buitinių nuotekų tinklas.,A. Juozapavičiaus pr.,,,,,,,,,,,,,,,,,,,,,,,,,,,,,,,,,,,,,,,,,,,,,,,,,,,,,,,,,,,,,,,,,,,,
2018-12-14,tikrinami ir plaunami buitinių ir lietaus nuotekų tinklai.,Bitininkų g. 31,V. Krėvės pr. 26,V. Krėvės pr. 106,J. Basanavičiaus al. 51,A. Juozapavičiaus pr. 12,M. Daukšos g. 50,Josvainių g. 25,Vytėnų g. 23,,,,,,,,,,,,,,,,,,,,,,,,,,,,,,,,,,,,,,,,,,,,,,,,,,,,,,,,,,,,,
2018-12-14,valomi šuliniai.,V. Krėvės pr. 102,Josvainių g. 25,Vytėnų g. 23,,,,,,,,,,,,,,,,,,,,,,,,,,,,,,,,,,,,,,,,,,,,,,,,,,,,,,,,,,,,,,,,,,
2018-12-13,"Dėl vandenvietėje vykdomų remonto darbų, gruodžio 13 d. nuo 9 val. iki 10 val. laikinai nutraukiamas vandens tiekimas. Atnaujinus vandens tiekimą laikinai gali pablogėti vandens kokybė.",Kleboniškio k.,Naujasodžio k.,,,,,,,,,,,,,,,,,,,,,,,,,,,,,,,,,,,,,,,,,,,,,,,,,,,,,,,,,,,,,,,,,,,
2018-12-13,"Dėl vandentiekio įvado pajungimo į vandentiekio liniją darbų, gruodžio 13 d. 23 val. iki 14 d. 5 val. laikinai nutraukiamas vandens tiekimas. Atnaujinus vandens tiekimą laikinai gali pablogėti vandens kokybė.",Raudondvario pl. 161B,Raudondvario pl. 190,Raudondvario pl. 192,Raudondvario pl. 194,Raudondvario pl. 200,Raudondvario pl. 204,Kaniūkų 1-oji g. 4,,,,,,,,,,,,,,,,,,,,,,,,,,,,,,,,,,,,,,,,,,,,,,,,,,,,,,,,,,,,,,
2018-12-13,"Dėl vandentiekio linijos rekonstrukcijos darbų, gruodžio 14 d. nuo 9 val. iki 14 val. laikinai bus nutrauktas vandens tiekimas. Atnaujinus vandens tiekimą gali pablogėti vandens kokybė.",Laisvės al. 57,Laisvės al. 59,,,,,,,,,,,,,,,,,,,,,,,,,,,,,,,,,,,,,,,,,,,,,,,,,,,,,,,,,,,,,,,,,,,
2018-12-13,remontuojama vandentiekio linija.,Juodelynės g. 32,,,,,,,,,,,,,,,,,,,,,,,,,,,,,,,,,,,,,,,,,,,,,,,,,,,,,,,,,,,,,,,,,,,,
2018-12-13,tikslinama vandens nutekėjimo vieta.,Ringaudų k.,,,,,,,,,,,,,,,,,,,,,,,,,,,,,,,,,,,,,,,,,,,,,,,,,,,,,,,,,,,,,,,,,,,,
2018-12-13,tikrinami vandentiekio tinklai.,Panerių g.,Verknės g,Vokiečių g.,,,,,,,,,,,,,,,,,,,,,,,,,,,,,,,,,,,,,,,,,,,,,,,,,,,,,,,,,,,,,,,,,,
2018-12-13,demontuojami vandens nutekėjimo davikliai.,Taikos pr. 141,,,,,,,,,,,,,,,,,,,,,,,,,,,,,,,,,,,,,,,,,,,,,,,,,,,,,,,,,,,,,,,,,,,,
2018-12-13,valomi šuliniai.,Nemuno g. 12 (Rokai),Karklų g. 3,,,,,,,,,,,,,,,,,,,,,,,,,,,,,,,,,,,,,,,,,,,,,,,,,,,,,,,,,,,,,,,,,,,
2018-12-13,keičiami šulinių liukai ir dangčiai.,Verkių g. 11,R. Kalantos g. 127,,,,,,,,,,,,,,,,,,,,,,,,,,,,,,,,,,,,,,,,,,,,,,,,,,,,,,,,,,,,,,,,,,,
2018-12-13,remontuojami šuliniai.,Spynų g. 8,P. Višinskio g. 75H,,,,,,,,,,,,,,,,,,,,,,,,,,,,,,,,,,,,,,,,,,,,,,,,,,,,,,,,,,,,,,,,,,,
2018-12-13,tikrinami ir plaunami buitinių ir lietaus nuotekų tinklai.,Birštono g. 6,Vydūno al. 3,Šv. Gertrūdos g. 14B,Kumelių g.,Nemuno g. 12 (Rokai),Karklų g. 3,,,,,,,,,,,,,,,,,,,,,,,,,,,,,,,,,,,,,,,,,,,,,,,,,,,,,,,,,,,,,,,
2018-12-13,valomi šuliniai.,Nemuno g. 12 (Rokai),Karklų g. 3,,,,,,,,,,,,,,,,,,,,,,,,,,,,,,,,,,,,,,,,,,,,,,,,,,,,,,,,,,,,,,,,,,,
2018-12-12,remontuojama vandentiekio linija.,Varnalėšų takas 16,,,,,,,,,,,,,,,,,,,,,,,,,,,,,,,,,,,,,,,,,,,,,,,,,,,,,,,,,,,,,,,,,,,,
2018-12-12,remontuojamas vandens apskaitos mazgas.,A. Juozapavičiaus pr. 27,,,,,,,,,,,,,,,,,,,,,,,,,,,,,,,,,,,,,,,,,,,,,,,,,,,,,,,,,,,,,,,,,,,,
2018-12-12,tikrinami vandentiekio tinklai.,Panerių g.,Zarasų g.,Tvirtovės al.,,,,,,,,,,,,,,,,,,,,,,,,,,,,,,,,,,,,,,,,,,,,,,,,,,,,,,,,,,,,,,,,,,
2018-12-12,po remonto darbų vandentiekio linijoje atnaujinamas vandens tiekimas.,R. Kalantos g. 18,,,,,,,,,,,,,,,,,,,,,,,,,,,,,,,,,,,,,,,,,,,,,,,,,,,,,,,,,,,,,,,,,,,,
2018-12-12,demontuojamai ir montuojami vandens nutekėjimo davikliai.,Ateities pl.,Palemono g.,Taikos pr. 141,,,,,,,,,,,,,,,,,,,,,,,,,,,,,,,,,,,,,,,,,,,,,,,,,,,,,,,,,,,,,,,,,,
2018-12-12,valomos vandentiekio kameros.,Raudondvario pl. 186,Raudondvario pl. 206,,,,,,,,,,,,,,,,,,,,,,,,,,,,,,,,,,,,,,,,,,,,,,,,,,,,,,,,,,,,,,,,,,,
2018-12-12,valomi šuliniai.,Neries kr. 2,Kovo 11-osios g. 31,Šv. Gertrūdos g.,,,,,,,,,,,,,,,,,,,,,,,,,,,,,,,,,,,,,,,,,,,,,,,,,,,,,,,,,,,,,,,,,,
2018-12-12,remontuojama nuotekų linija.,T. Masiulio g. 31,,,,,,,,,,,,,,,,,,,,,,,,,,,,,,,,,,,,,,,,,,,,,,,,,,,,,,,,,,,,,,,,,,,,
2018-12-12,remontuojamas lietaus nuotekų tinklo šulinys.,Neries kr. 7A,,,,,,,,,,,,,,,,,,,,,,,,,,,,,,,,,,,,,,,,,,,,,,,,,,,,,,,,,,,,,,,,,,,,
2018-12-12,tikrinami ir plaunami buitinių ir lietaus nuotekų tinklai.,Kovo 11-osios g. 31,A. Mapu g. 28,Šv. Gertrūdos g. 14 B,,,,,,,,,,,,,,,,,,,,,,,,,,,,,,,,,,,,,,,,,,,,,,,,,,,,,,,,,,,,,,,,,,
2018-12-11,remontuojama vandentiekio linija.,Eržvilko g. 5,,,,,,,,,,,,,,,,,,,,,,,,,,,,,,,,,,,,,,,,,,,,,,,,,,,,,,,,,,,,,,,,,,,,
2018-12-11,keičiama vandentiekio sklendė.,Aido g. 8,,,,,,,,,,,,,,,,,,,,,,,,,,,,,,,,,,,,,,,,,,,,,,,,,,,,,,,,,,,,,,,,,,,,
2018-12-11,tikrinamas vandentiekio tinklas ir sklendės.,Varnalėšų takas 16,,,,,,,,,,,,,,,,,,,,,,,,,,,,,,,,,,,,,,,,,,,,,,,,,,,,,,,,,,,,,,,,,,,,
2018-12-11,atjungiamas vandentiekio įvadas.,V. Kudirkos g. 20,,,,,,,,,,,,,,,,,,,,,,,,,,,,,,,,,,,,,,,,,,,,,,,,,,,,,,,,,,,,,,,,,,,,
2018-12-11,"remontuojamas šulinys, keičiamas liukas ir  dangtis.",V. Montvilos g. 1 (Garliava),,,,,,,,,,,,,,,,,,,,,,,,,,,,,,,,,,,,,,,,,,,,,,,,,,,,,,,,,,,,,,,,,,,,
2018-12-11,tikslinamos vandens nutekėjimo vietos.,Ateities pl.,Palemono g.,Diemedžio g.,Keramzito g.,,,,,,,,,,,,,,,,,,,,,,,,,,,,,,,,,,,,,,,,,,,,,,,,,,,,,,,,,,,,,,,,,
2018-12-11,tikrinami buitinių nuotekų tinklo šuliniai.,Sąjungos a. 11,,,,,,,,,,,,,,,,,,,,,,,,,,,,,,,,,,,,,,,,,,,,,,,,,,,,,,,,,,,,,,,,,,,,
2018-12-11,tikrinami ir plaunami buitinių ir lietaus nuotekų tinklai.,A. Mapu g. 18,Kapsų g. 77,Kovo 11- osios g. 31,,,,,,,,,,,,,,,,,,,,,,,,,,,,,,,,,,,,,,,,,,,,,,,,,,,,,,,,,,,,,,,,,,
2018-12-10,remontuojamos vandentiekio linijos.,V. Krėvės pr. 13A,Muitinės g. 9,,,,,,,,,,,,,,,,,,,,,,,,,,,,,,,,,,,,,,,,,,,,,,,,,,,,,,,,,,,,,,,,,,,
2018-12-10,tikrinami vandentiekio tinklai.,Verknės g.14,Chemijos g. 6a,,,,,,,,,,,,,,,,,,,,,,,,,,,,,,,,,,,,,,,,,,,,,,,,,,,,,,,,,,,,,,,,,,,
2018-12-10,"remontuojamas šulinys, keičiamas liukas ir dangtis.",Kulvos g. 41,,,,,,,,,,,,,,,,,,,,,,,,,,,,,,,,,,,,,,,,,,,,,,,,,,,,,,,,,,,,,,,,,,,,
2018-12-10,"valomi vandentiekio šuliniai, tikrinamos sklendės.",Raudondvario pl. 178-232,T. Masiulio g. 13A,Rasytės g. 22,Karklų g. 3,,,,,,,,,,,,,,,,,,,,,,,,,,,,,,,,,,,,,,,,,,,,,,,,,,,,,,,,,,,,,,,,,
2018-12-10,tikrinami ir plaunami buitinių nuotekų tinklai.,A. Mapu g. 18,Kęstučio g. 6,23A,,,,,,,,,,,,,,,,,,,,,,,,,,,,,,,,,,,,,,,,,,,,,,,,,,,,,,,,,,,,,,,,,,
2018-12-07,"Dėl vandentiekio linijos rekonstrukcijos darbų gruodžio 7 d. nuo 9 val. iki 17 val. laikinai nutraukiamas vandens tiekimas, atnaujinus vandens tiekimą laikinai gali pablogėti vandens kokybė.",Jonavos g. atkarpoje nuo Eigulių g. iki Nuokalnės g.,,,,,,,,,,,,,,,,,,,,,,,,,,,,,,,,,,,,,,,,,,,,,,,,,,,,,,,,,,,,,,,,,,,,
2018-12-07,Dėl įvykusių avarijų vandentiekio tinkluose nuo 9 val. 30 min. iki 13 val. laikinai nutraukiamas vandens tiekimas.,R. Kalantos g. 123,R. Kalantos g. 129,R. Kalantos g. 133,R. Kalantos g. 137,R. Kalantos g. 141,R. Kalantos g. 139,R. Kalantos g. 145,R. Kalantos g. 149,R. Kalantos g. 155,R. Kalantos g. 157,R. Kalantos g. 151,,,,,,,,,,,,,,,,,,,,,,,,,,,,,,,,,,,,,,,,,,,,,,,,,,,,,,,,,,
2018-12-07,"Nuo 9 val. 30 min. iki 12 val. namams su lyginiai numeriais 42-68, atnaujinus vandens tiekimą laikinai gali pablogėti vandens kokybė.",Lazdijų g.,,,,,,,,,,,,,,,,,,,,,,,,,,,,,,,,,,,,,,,,,,,,,,,,,,,,,,,,,,,,,,,,,,,,
2018-12-07,matuojamas vandens slėgis.,Muitinės g. 9,Vilniaus g. 21,,,,,,,,,,,,,,,,,,,,,,,,,,,,,,,,,,,,,,,,,,,,,,,,,,,,,,,,,,,,,,,,,,,
2018-12-07,"remontuojami šuliniai, keičiami liukai ir dangčiai.",A. Stulginskio g. 20,V. Krėvės pr. 102,,,,,,,,,,,,,,,,,,,,,,,,,,,,,,,,,,,,,,,,,,,,,,,,,,,,,,,,,,,,,,,,,,,
2018-12-07,valomi šuliniai.,Ramybės g. 53,Lopšelio g. 10,,,,,,,,,,,,,,,,,,,,,,,,,,,,,,,,,,,,,,,,,,,,,,,,,,,,,,,,,,,,,,,,,,,
2018-12-07,tikrinami ir plaunami lietaus ir buitinių nuotekų tinklai.,A. Mapu g. 18,T. Masiulio g. 31,Partizanų g. 40,Europos pr. 120,Lopšelio g. 10,J. Basanavičiaus al. 51,Ramybės g. 53,,,,,,,,,,,,,,,,,,,,,,,,,,,,,,,,,,,,,,,,,,,,,,,,,,,,,,,,,,,,,,
2018-12-06,remontuojamas vandentiekio įvadas.,Pylimo g. 7,,,,,,,,,,,,,,,,,,,,,,,,,,,,,,,,,,,,,,,,,,,,,,,,,,,,,,,,,,,,,,,,,,,,
2018-12-06,tikrinami vandentiekio tinklai.,Ašigalio g.,Riešutų g.,Perkūno al.,,,,,,,,,,,,,,,,,,,,,,,,,,,,,,,,,,,,,,,,,,,,,,,,,,,,,,,,,,,,,,,,,,
2018-12-06,tikrinamos vandentiekio sklendės.,Raudondvario pl.,,,,,,,,,,,,,,,,,,,,,,,,,,,,,,,,,,,,,,,,,,,,,,,,,,,,,,,,,,,,,,,,,,,,
2018-12-06,tikrinami ir valomi šuliniai.,Kumelių g.,Maironio g. 40,Ukmergės g. 13,Verkių g. 20,,,,,,,,,,,,,,,,,,,,,,,,,,,,,,,,,,,,,,,,,,,,,,,,,,,,,,,,,,,,,,,,,
2018-12-06,vyksta buitinių nuotekų tinklo šulinių ir linijos remonto darbai.,Vokiečių g. 119,Veršvos g. 2,,,,,,,,,,,,,,,,,,,,,,,,,,,,,,,,,,,,,,,,,,,,,,,,,,,,,,,,,,,,,,,,,,,
2018-12-06,tikrinami ir plaunami lietaus ir buitinių nuotekų tinklai.,Maironio g. 40,Ukmergės g. 13,Verkių g. 20,Veiverių g.,,,,,,,,,,,,,,,,,,,,,,,,,,,,,,,,,,,,,,,,,,,,,,,,,,,,,,,,,,,,,,,,,
2018-12-05,Dėl susijusiais su  S. Dariaus ir S. Girėno  stadiono rekonstrukcijos darbais nuo gruodžio 5 d. 23 val. iki gruodžio  6 d. 3 val. laikinai nutraukiamas vandens tiekimas. Atnaujinus vandens tiekimą gali pablogėti vandens kokybė.,Vaižganto g.,Perkūno al. 12 – 30,Perkūno al. 3A – 15,Ąžuolyno g. 2.,,,,,,,,,,,,,,,,,,,,,,,,,,,,,,,,,,,,,,,,,,,,,,,,,,,,,,,,,,,,,,,,,
2018-12-05,tikslinama vandens nutekėjimo vieta.,J. Naugardo g.,,,,,,,,,,,,,,,,,,,,,,,,,,,,,,,,,,,,,,,,,,,,,,,,,,,,,,,,,,,,,,,,,,,,
2018-12-05,atnaujinamas vandens tiekimas.,S. Lozoraičio g.,"Vasario 16-osios g., Garliava",,,,,,,,,,,,,,,,,,,,,,,,,,,,,,,,,,,,,,,,,,,,,,,,,,,,,,,,,,,,,,,,,,,
2018-12-05,tikrinami vandentiekio tinklai.,Perkūno al.,Ašigalio g.,,,,,,,,,,,,,,,,,,,,,,,,,,,,,,,,,,,,,,,,,,,,,,,,,,,,,,,,,,,,,,,,,,,
2018-12-05,valomi šuliniai.,Karklų g. 3,Vilniaus g. 36,Ramybės g. 53,,,,,,,,,,,,,,,,,,,,,,,,,,,,,,,,,,,,,,,,,,,,,,,,,,,,,,,,,,,,,,,,,,
2018-12-05,"remontuojami šuliniai, keičiami dangčiai.",Sukilėlių pr. 73,Gailutės g. 6,R. Kalantos g. 88,,,,,,,,,,,,,,,,,,,,,,,,,,,,,,,,,,,,,,,,,,,,,,,,,,,,,,,,,,,,,,,,,,
2018-12-05,remontuojama lietaus nuotekų tinklo surinkimo kamera.,Jonavos g. 162,,,,,,,,,,,,,,,,,,,,,,,,,,,,,,,,,,,,,,,,,,,,,,,,,,,,,,,,,,,,,,,,,,,,
2018-12-05,tikrinami ir plaunami buitinių nuotekų tinklai.,Karklų g. 3,Vilniaus g. 36,Ramybės g. 53,S. Dariaus ir S. Girėno g.,Kumelių g.,Vytėnų g. 25,Veiverių g.,,,,,,,,,,,,,,,,,,,,,,,,,,,,,,,,,,,,,,,,,,,,,,,,,,,,,,,,,,,,,,
2018-12-04,remontuojami vandentiekio įvadai.,E. Fryko g.,Kumelių g. 1,,,,,,,,,,,,,,,,,,,,,,,,,,,,,,,,,,,,,,,,,,,,,,,,,,,,,,,,,,,,,,,,,,,
2018-12-04,remontuojama vandentiekio linija.,Skudučių g. 25,,,,,,,,,,,,,,,,,,,,,,,,,,,,,,,,,,,,,,,,,,,,,,,,,,,,,,,,,,,,,,,,,,,,
2018-12-04,tikrinami vandentiekio tinklai.,Muravos g.,Baltų pr.,Neries kr.,,,,,,,,,,,,,,,,,,,,,,,,,,,,,,,,,,,,,,,,,,,,,,,,,,,,,,,,,,,,,,,,,,
2018-12-04,tikrinamos vandentiekio sklendės.,Šaldytuvų g.,Tetervinų al.,"Erdvės g., Ramučių k.",A. Mackevičiaus,,,,,,,,,,,,,,,,,,,,,,,,,,,,,,,,,,,,,,,,,,,,,,,,,,,,,,,,,,,,,,,,,
2018-12-04,bus tikslinama vandens nutekėjimo vieta.,J. Naugardo g.,,,,,,,,,,,,,,,,,,,,,,,,,,,,,,,,,,,,,,,,,,,,,,,,,,,,,,,,,,,,,,,,,,,,
2018-12-04,valomi šuliniai.,Karklų g. 3,P. Vileišio g. 5,,,,,,,,,,,,,,,,,,,,,,,,,,,,,,,,,,,,,,,,,,,,,,,,,,,,,,,,,,,,,,,,,,,
2018-12-04,tikrinami ir plaunami lietaus ir buitinių nuotekų tinklai.,Artojų g. 7,Rasytės g. 22,Partizanų g. 9,,,,,,,,,,,,,,,,,,,,,,,,,,,,,,,,,,,,,,,,,,,,,,,,,,,,,,,,,,,,,,,,,,
2018-12-03,Dėl vandentiekio linijos rekonstrukcijos darbų gruodžio 3 d. nuo 9 val. iki 14 val. laikinai bus nutrauktas vandens tiekimas.,Mackevičiaus g.,,,,,,,,,,,,,,,,,,,,,,,,,,,,,,,,,,,,,,,,,,,,,,,,,,,,,,,,,,,,,,,,,,,,
2018-12-03,,Mackevičiaus g. 3,Mackevičiaus g. 4,Mackevičiaus g. 5,Mackevičiaus g. 6,Mackevičiaus g. 7,Mackevičiaus g. 8,Mackevičiaus g. 11,Mackevičiaus g. 13,Mackevičiaus g. 14,Mackevičiaus g. 15,Mackevičiaus g. 16,Mackevičiaus g. 17,Mackevičiaus g. 18,Mackevičiaus g. 19,Mackevičiaus g. 19A,Mackevičiaus g. 20,Mackevičiaus g. 21,Mackevičiaus g. 22,Mackevičiaus g. 24,Mackevičiaus g. 25,28Mackevičiaus g. ,Mackevičiaus g. 30,Mackevičiaus g. 30A,Mackevičiaus g. 32,Mackevičiaus g. 32A,Mackevičiaus g. 34A,Mackevičiaus g. 38,Mackevičiaus g. 38A,Mackevičiaus g. 40,Mackevičiaus g. 40A,Mackevičiaus g. 29,Mackevičiaus g. 31,Mackevičiaus g. 33,Mackevičiaus g. 35,Mackevičiaus g. 35A,Mackevičiaus g. 37,Mackevičiaus g. 39,Mackevičiaus g. 41,Mackevičiaus g. 42,Mackevičiaus g. 42A,Mackevičiaus g. 43,Mackevičiaus g. 44,Mackevičiaus g. 45,Mackevičiaus g. 46,Mackevičiaus g. 47,Mackevičiaus g. 48,Mackevičiaus g. 49,Mackevičiaus g. 50,Mackevičiaus g. 51A,Mackevičiaus g. 52A,Mackevičiaus g. 53,Mackevičiaus g. 53A,Mackevičiaus g. 54,Mackevičiaus g. 54A,Mackevičiaus g. 55,Mackevičiaus g. 56,Mackevičiaus g. 57,Mackevičiaus g. 58,Mackevičiaus g. 58A,Mackevičiaus g. 58B,Mackevičiaus g. 58C,Mackevičiaus g. 58D,Mackevičiaus g. 59,Mackevičiaus g. 60,Mackevičiaus g. 60A,Mackevičiaus g. 61,Mackevičiaus g. 62,Mackevičiaus g. 66,Mackevičiaus g. 66A
2018-12-03,,Karmėlavos g. Nr. 3.,,,,,,,,,,,,,,,,,,,,,,,,,,,,,,,,,,,,,,,,,,,,,,,,,,,,,,,,,,,,,,,,,,,,
2018-12-03,,Kriaušių g. 7,Kriaušių g. 7A,Kriaušių g. 9,,,,,,,,,,,,,,,,,,,,,,,,,,,,,,,,,,,,,,,,,,,,,,,,,,,,,,,,,,,,,,,,,,
2018-12-03,,J. Zikaro g. 1,J. Zikaro g. 2,J. Zikaro g. 3,J. Zikaro g. 4,J. Zikaro g. 5,J. Zikaro g. 6,J. Zikaro g. 7,J. Zikaro g. 8,J. Zikaro g. 9,J. Zikaro g. 11,J. Zikaro g. 15,J. Zikaro g. 17,J. Zikaro g. 19,J. Zikaro g. 21,J. Zikaro g. 23,J. Zikaro g. 25,J. Zikaro g. 25A,J. Zikaro g. 27,J. Zikaro g. 29,,,,,,,,,,,,,,,,,,,,,,,,,,,,,,,,,,,,,,,,,,,,,,,,,,
2018-12-03,,Paminklų g. 3,Paminklų g. 6,Paminklų g. 7,Paminklų g. 8,Paminklų g. 10,Paminklų g. 11,Paminklų g. 11A,,,,,,,,,,,,,,,,,,,,,,,,,,,,,,,,,,,,,,,,,,,,,,,,,,,,,,,,,,,,,,
2018-12-03,,Benediktinių g. 5,Benediktinių g. 6,Benediktinių g. 7,Benediktinių g. 8,Benediktinių g. 9,Benediktinių g. 10,Benediktinių g. 11,Benediktinių g. 11A,Benediktinių g. 12,Benediktinių g. 14,Benediktinių g. 15,Benediktinių g. 16,Benediktinių g. 17,Benediktinių g. 19,Benediktinių g. 19A,Benediktinių g. 21,Benediktinių g. 23,Benediktinių g. 23A,Benediktinių g. 22,Benediktinių g. 24A,Benediktinių g. 25,Benediktinių g. 27,Benediktinių g. 27A,Benediktinių g. 29,Benediktinių g. 30,Benediktinių g. 32,Benediktinių g. 34,Benediktinių g. 36,Benediktinių g. 37,39Benediktinių g. ,Benediktinių g. 40,Benediktinių g. 41,Benediktinių g. 43,Benediktinių g. 44,Benediktinių g. 45,Benediktinių g. 46,Benediktinių g. 47,Benediktinių g. 48,Benediktinių g. 50,,,,,,,,,,,,,,,,,,,,,,,,,,,,,,
2018-12-03,,Trumpoji g. 3,Trumpoji g. 4,Trumpoji g. 5,Trumpoji g. 6,Trumpoji g. 7,Trumpoji g. 8,Trumpoji g. 8A,Trumpoji g. 10,,,,,,,,,,,,,,,,,,,,,,,,,,,,,,,,,,,,,,,,,,,,,,,,,,,,,,,,,,,,,
2018-12-03,,Pakopų takas 1,Pakopų takas 3,Pakopų takas 4,,,,,,,,,,,,,,,,,,,,,,,,,,,,,,,,,,,,,,,,,,,,,,,,,,,,,,,,,,,,,,,,,,
2018-12-03,remontuojamas vandentiekio įvadas.,M. Valančiaus g. 11,,,,,,,,,,,,,,,,,,,,,,,,,,,,,,,,,,,,,,,,,,,,,,,,,,,,,,,,,,,,,,,,,,,,
2018-12-03,remontuojama vandentiekio kamera.,Sąjungos a. 17,,,,,,,,,,,,,,,,,,,,,,,,,,,,,,,,,,,,,,,,,,,,,,,,,,,,,,,,,,,,,,,,,,,,
2018-12-03,remontuojamas vandens apskaitos mazgas.,Panerių g. 133,,,,,,,,,,,,,,,,,,,,,,,,,,,,,,,,,,,,,,,,,,,,,,,,,,,,,,,,,,,,,,,,,,,,
2018-12-03,tikrinami ir remontuojami vandentiekio tinklai.,Muitinės g. 9A,,,,,,,,,,,,,,,,,,,,,,,,,,,,,,,,,,,,,,,,,,,,,,,,,,,,,,,,,,,,,,,,,,,,
2018-12-03,tikrinami vandentiekio tinklai ir sklendės.,Perkūno al.,,,,,,,,,,,,,,,,,,,,,,,,,,,,,,,,,,,,,,,,,,,,,,,,,,,,,,,,,,,,,,,,,,,,
2018-12-03,tikrinamas vandentiekio įvadų pralaidumas ir vandens slėgis.,A. Juozapavičiaus pr. 7-7T,,,,,,,,,,,,,,,,,,,,,,,,,,,,,,,,,,,,,,,,,,,,,,,,,,,,,,,,,,,,,,,,,,,,
2018-12-03,valomi šuliniai.,Nepriklausomybės a. 12,Birželio 23 - iosios g. 14,,,,,,,,,,,,,,,,,,,,,,,,,,,,,,,,,,,,,,,,,,,,,,,,,,,,,,,,,,,,,,,,,,,
2018-12-03,tikrinami ir plaunami lietaus ir buitinių nuotekų tinklai.,Veršvos g. 2,Partizanų g. 38,Nepriklausomybės a. 12,Breslaujos g. 3,,,,,,,,,,,,,,,,,,,,,,,,,,,,,,,,,,,,,,,,,,,,,,,,,,,,,,,,,,,,,,,,,
2018-11-30,"formuojama slėgio zona, uždaromos vandentiekio sklendės.","Forto g., Šakių k.",,,,,,,,,,,,,,,,,,,,,,,,,,,,,,,,,,,,,,,,,,,,,,,,,,,,,,,,,,,,,,,,,,,,
2018-11-30,tikrinamas vandentiekio įvado pralaidumas.,Laisvės al. 33,,,,,,,,,,,,,,,,,,,,,,,,,,,,,,,,,,,,,,,,,,,,,,,,,,,,,,,,,,,,,,,,,,,,
2018-11-30,atjungiami vandentiekio įvadai.,Kranto 16-oji g. 18,Raudondvario 7- as takas 3,,,,,,,,,,,,,,,,,,,,,,,,,,,,,,,,,,,,,,,,,,,,,,,,,,,,,,,,,,,,,,,,,,,
2018-11-30,valomi šuliniai.,Birželio 23-iosios g. 14,Šv. Gertrūdos g. 14B,Rotušės a. 10,,,,,,,,,,,,,,,,,,,,,,,,,,,,,,,,,,,,,,,,,,,,,,,,,,,,,,,,,,,,,,,,,,
2018-11-30,remontuojamas buitinių nuotekų šulinys.,Palangos g. 16,Islandijos pl. 215,,,,,,,,,,,,,,,,,,,,,,,,,,,,,,,,,,,,,,,,,,,,,,,,,,,,,,,,,,,,,,,,,,,
2018-11-30,remontuojamas lietaus nuotekų surinkimo šulinys.,Saulės g. 16A,,,,,,,,,,,,,,,,,,,,,,,,,,,,,,,,,,,,,,,,,,,,,,,,,,,,,,,,,,,,,,,,,,,,
2018-11-30,tikrinami ir plaunami lietaus ir buitinių nuotekų tinklai.,Šv. Gertrūdos g. 14B,Rotušės a. 10,Europos pr. 120,Veršvos g. 2,Vokiečių g. 119,,,,,,,,,,,,,,,,,,,,,,,,,,,,,,,,,,,,,,,,,,,,,,,,,,,,,,,,,,,,,,,,
2018-11-29,Lapkričio 29 d. nuo 23 val. iki  lapkričio 30 d. 3 val. laikinai bus nutraukiamas vandens tiekimas atkarpoje nuo Sąjungos a. iki K. Griniaus g.,Neries kr.,,,,,,,,,,,,,,,,,,,,,,,,,,,,,,,,,,,,,,,,,,,,,,,,,,,,,,,,,,,,,,,,,,,,
2018-11-29,remontuojamas vandentiekio įvadas.,Gabijos g. 2,,,,,,,,,,,,,,,,,,,,,,,,,,,,,,,,,,,,,,,,,,,,,,,,,,,,,,,,,,,,,,,,,,,,
2018-11-29,tikrinamos vandentiekio sklendės.,A. Mickevičiaus g.,J. Zikaro g.,,,,,,,,,,,,,,,,,,,,,,,,,,,,,,,,,,,,,,,,,,,,,,,,,,,,,,,,,,,,,,,,,,,
2018-11-29,nutraukiamas vandens tiekimas.,Vandžiogalos pl. 20,Raudondvario pl. 99,Raudondvario 7-as takas 3,Žiedų g. 20,,,,,,,,,,,,,,,,,,,,,,,,,,,,,,,,,,,,,,,,,,,,,,,,,,,,,,,,,,,,,,,,,
2018-11-29,remontuojami šuliniai.,M. Daukšos g. 26A,Dujotiekio g. 24,,,,,,,,,,,,,,,,,,,,,,,,,,,,,,,,,,,,,,,,,,,,,,,,,,,,,,,,,,,,,,,,,,,
2018-11-29,remontuojama nuotekų linija.,Vilniaus g. 36,,,,,,,,,,,,,,,,,,,,,,,,,,,,,,,,,,,,,,,,,,,,,,,,,,,,,,,,,,,,,,,,,,,,
2018-11-29,tikrinami ir plaunami lietaus ir buitinių nuotekų tinklai.,Šv. Gertrūdos g. 14B,Rotušės a. 10,Nepriklausomybės g. 12,,,,,,,,,,,,,,,,,,,,,,,,,,,,,,,,,,,,,,,,,,,,,,,,,,,,,,,,,,,,,,,,,,
2018-11-28,Lapkričio 28 d. nuo 9 val. iki 13 val. laikinai nutraukiamas vandens tiekimas Ringaudų ir Akademijos gyvenvietėse.,Obelynės g.,Medeinos g.,Varžupio g.,Varžupio 1-oji g.,Varžupio 2-oji g.,Varžupio 3-oji g.,T. Ivanausko g.,Putinų g.,,,,,,,,,,,,,,,,,,,,,,,,,,,,,,,,,,,,,,,,,,,,,,,,,,,,,,,,,,,,,
2018-11-28,Lapkričio 28 d. nuo 11 val. iki 14 val. laikinai nutraukiamas vandens tiekimas atkarpoje nuo Smalininkų g. iki Birštono g.,Nemuno g.,,,,,,,,,,,,,,,,,,,,,,,,,,,,,,,,,,,,,,,,,,,,,,,,,,,,,,,,,,,,,,,,,,,,
2018-11-28,Lapkričio 29 d. nuo 23 val. iki  lapkričio 30 d. 3 val. laikinai bus nutrauktas vandens tiekimas atkarpoje nuo Sąjungos a. iki K. Griniaus g.,Neries kr.,,,,,,,,,,,,,,,,,,,,,,,,,,,,,,,,,,,,,,,,,,,,,,,,,,,,,,,,,,,,,,,,,,,,
2018-11-28,dėl kokybės bus plaunamos vandentiekio linijos.  Ilgoji g. tikrinami vandentiekio tinklai ir gaisriniai hidrantai.,Seniavos pl.,Gvazdikų g.,,,,,,,,,,,,,,,,,,,,,,,,,,,,,,,,,,,,,,,,,,,,,,,,,,,,,,,,,,,,,,,,,,,
2018-11-28,remontuojamas vandentiekio įvadas.,P. Plechavičiaus g. 6,,,,,,,,,,,,,,,,,,,,,,,,,,,,,,,,,,,,,,,,,,,,,,,,,,,,,,,,,,,,,,,,,,,,
2018-11-28,remontuojama vandentiekio linija.,T. Masiulio g. 16,,,,,,,,,,,,,,,,,,,,,,,,,,,,,,,,,,,,,,,,,,,,,,,,,,,,,,,,,,,,,,,,,,,,
2018-11-28,remontuojami vandens apskaitos mazgai.,Partizanų g. 190,Trakų g. 1,,,,,,,,,,,,,,,,,,,,,,,,,,,,,,,,,,,,,,,,,,,,,,,,,,,,,,,,,,,,,,,,,,,
2018-11-28,tikrinami šuliniai.,Šarkuvos g. 27,V. Krėvės pr. 47,Šiaurės pr. 99a,,,,,,,,,,,,,,,,,,,,,,,,,,,,,,,,,,,,,,,,,,,,,,,,,,,,,,,,,,,,,,,,,,
2018-11-28,tikrinami ir plaunami lietaus ir buitinių nuotekų tinklai.,Chodkevičių g. 9 (Romainiai),Šv. Gertrūdos g. 14B,Partizanų g.,,,,,,,,,,,,,,,,,,,,,,,,,,,,,,,,,,,,,,,,,,,,,,,,,,,,,,,,,,,,,,,,,,
2018-11-27,Lapkričio 27 d. nuo 13 val. iki 15 val. laikinai nutraukiamas vandens tiekimas. Laikinai gali pablogėti vandens kokybė.,Medžių g.,Staugaičio g. ,Birutės g. Nr. 1-13,2-1,,,,,,,,,,,,,,,,,,,,,,,,,,,,,,,,,,,,,,,,,,,,,,,,,,,,,,,,,,,,,,,,,
2018-11-27,remontuojamos vandentiekio linijos.,Savanorių pr. 236,Sedulų g. 2 (Vaišvydava),,,,,,,,,,,,,,,,,,,,,,,,,,,,,,,,,,,,,,,,,,,,,,,,,,,,,,,,,,,,,,,,,,,
2018-11-27,plaunami vandentiekio įvadai.,Kokybės g(LEZ),V. Krėvės pr. 133A,,,,,,,,,,,,,,,,,,,,,,,,,,,,,,,,,,,,,,,,,,,,,,,,,,,,,,,,,,,,,,,,,,,
2018-11-27,tikrinamos vandentiekio sklendės.,Neries Krantinė,K. Griniaus g.,Pakraščio g. 35,Vinių g.15,,,,,,,,,,,,,,,,,,,,,,,,,,,,,,,,,,,,,,,,,,,,,,,,,,,,,,,,,,,,,,,,,
2018-11-27,remontuojama vandentiekio sklendė.,Užnemunės g.,Marvelės g.,,,,,,,,,,,,,,,,,,,,,,,,,,,,,,,,,,,,,,,,,,,,,,,,,,,,,,,,,,,,,,,,,,,
2018-11-27,tikrinami ir plaunami lietaus ir buitinių nuotekų tinklai.,Rimvydo g. 28,Raudondvario pl. 93,Masiulio g. 22,,,,,,,,,,,,,,,,,,,,,,,,,,,,,,,,,,,,,,,,,,,,,,,,,,,,,,,,,,,,,,,,,,
2018-11-27,remontuojamas buitinių nuotekų šulinys.,Kalniečių g. 186,,,,,,,,,,,,,,,,,,,,,,,,,,,,,,,,,,,,,,,,,,,,,,,,,,,,,,,,,,,,,,,,,,,,
2018-11-27,valomi šuliniai.,Raudondvario pl. 93,,,,,,,,,,,,,,,,,,,,,,,,,,,,,,,,,,,,,,,,,,,,,,,,,,,,,,,,,,,,,,,,,,,,
2018-11-27,tikslinami nelegalūs lietaus nuotekų pajungimo į buitinių nuotekų tinklą atvejai.,V. Montvilos g.,Vienybės g.,Pavasario g. (Garliava),,,,,,,,,,,,,,,,,,,,,,,,,,,,,,,,,,,,,,,,,,,,,,,,,,,,,,,,,,,,,,,,,,
2018-11-26,"Dėl magistralinės vandentiekio linijos  rekonstrukcijos darbų nuo 2018 m. lapkričio 26 d.  iki  2019 m. vasario 14 d., geriamasis vanduo bus tiekiamas sumažintu slėgiu. Galimas vandens kokybės pablogėjimas.",Centro ir Vilijampolės mikrorajonai.,,,,,,,,,,,,,,,,,,,,,,,,,,,,,,,,,,,,,,,,,,,,,,,,,,,,,,,,,,,,,,,,,,,,
2018-11-26,išjungiama vandentiekio linija.,L. Ivinskio g.,Geležinkelio g.,,,,,,,,,,,,,,,,,,,,,,,,,,,,,,,,,,,,,,,,,,,,,,,,,,,,,,,,,,,,,,,,,,,
2018-11-26,"tikrinamos vandentiekio sklendės, valomi šuliniai.",Neries krantinė,Jonavos g.,,,,,,,,,,,,,,,,,,,,,,,,,,,,,,,,,,,,,,,,,,,,,,,,,,,,,,,,,,,,,,,,,,,
2018-11-26,keičiama vandentiekio sklendė,Kruonio g. 23,,,,,,,,,,,,,,,,,,,,,,,,,,,,,,,,,,,,,,,,,,,,,,,,,,,,,,,,,,,,,,,,,,,,
2018-11-26,tikrinami vandentiekio tinklai.,V. Krėvės pr.,Pramonės pr.,,,,,,,,,,,,,,,,,,,,,,,,,,,,,,,,,,,,,,,,,,,,,,,,,,,,,,,,,,,,,,,,,,,
2018-11-26,keičiami šulinių liukai ir dangčiai.,Švenčionių g. 2,Švenčionių g. 29,,,,,,,,,,,,,,,,,,,,,,,,,,,,,,,,,,,,,,,,,,,,,,,,,,,,,,,,,,,,,,,,,,,
2018-11-26,remontuojamas lietaus nuotekų tinklo šulinys.,Islandijos pl. 215,,,,,,,,,,,,,,,,,,,,,,,,,,,,,,,,,,,,,,,,,,,,,,,,,,,,,,,,,,,,,,,,,,,,
2018-11-26,tikrinami ir plaunami lietaus ir buitinių nuotekų tinklai.,Mažeikių g.,Vinių g.,Sąjungos a. 11,J. Basanavičiaus al. 62,Liškiavos g. 7 - 17,B. Bradausko g.,Medvėgalio g. 13,,,,,,,,,,,,,,,,,,,,,,,,,,,,,,,,,,,,,,,,,,,,,,,,,,,,,,,,,,,,,,
2018-11-23,remontuojama vandentiekio linija.,T. Masiulio g. 22B,,,,,,,,,,,,,,,,,,,,,,,,,,,,,,,,,,,,,,,,,,,,,,,,,,,,,,,,,,,,,,,,,,,,
2018-11-23,tikrinami vandentiekio tinklai.,Pikulo g.,A. Stulginskio g.,Linkuvos g.,,,,,,,,,,,,,,,,,,,,,,,,,,,,,,,,,,,,,,,,,,,,,,,,,,,,,,,,,,,,,,,,,,
2018-11-23,plaunama vandentiekio linija.,Kareivinių g.,Plento g.,,,,,,,,,,,,,,,,,,,,,,,,,,,,,,,,,,,,,,,,,,,,,,,,,,,,,,,,,,,,,,,,,,,
2018-11-23,remontuojami šuliniai.,M. Daukšos g. 26A,Griunvaldo g. 2,Dujotiekio g. 2,,,,,,,,,,,,,,,,,,,,,,,,,,,,,,,,,,,,,,,,,,,,,,,,,,,,,,,,,,,,,,,,,,
2018-11-23,tikrinami ir plaunami lietaus ir buitinių nuotekų tinklai.,Dujotiekio g. 24,Lozoraičio g. 13,Rotušės a. 10,Pramonės pr. 15,Savanorių pr. 239 B,R. Kalantos g. 119c,,,,,,,,,,,,,,,,,,,,,,,,,,,,,,,,,,,,,,,,,,,,,,,,,,,,,,,,,,,,,,,
2018-11-22,remontuojama vandentiekio linija.,Kovo 11-osios g. 102,,,,,,,,,,,,,,,,,,,,,,,,,,,,,,,,,,,,,,,,,,,,,,,,,,,,,,,,,,,,,,,,,,,,
2018-11-22,remontuojamas vandentiekio įvadas.,Amerikos Lietuvių g. 4,,,,,,,,,,,,,,,,,,,,,,,,,,,,,,,,,,,,,,,,,,,,,,,,,,,,,,,,,,,,,,,,,,,,
2018-11-22,tikrinami vandentiekio tinklai.,Panerių g.,Varnių g.,,,,,,,,,,,,,,,,,,,,,,,,,,,,,,,,,,,,,,,,,,,,,,,,,,,,,,,,,,,,,,,,,,,
2018-11-22,montuojami vandens nutekėjimo davikliai.,T. Masiulio g.,,,,,,,,,,,,,,,,,,,,,,,,,,,,,,,,,,,,,,,,,,,,,,,,,,,,,,,,,,,,,,,,,,,,
2018-11-22,tikrinamos vandentiekio sklendės.,Forto g.,Vandžiogalos pl.,Seminarijos g. (Domeikava),,,,,,,,,,,,,,,,,,,,,,,,,,,,,,,,,,,,,,,,,,,,,,,,,,,,,,,,,,,,,,,,,,
2018-11-22,tikrinami gaisriniai hidrantai.,Aukštieji Šančiai,,,,,,,,,,,,,,,,,,,,,,,,,,,,,,,,,,,,,,,,,,,,,,,,,,,,,,,,,,,,,,,,,,,,
2018-11-22,"remontuojamas šulinys, keičiamas liukas ir dangtis.",S. Žukausko g. 6,,,,,,,,,,,,,,,,,,,,,,,,,,,,,,,,,,,,,,,,,,,,,,,,,,,,,,,,,,,,,,,,,,,,
2018-11-22,tikrinami ir plaunami lietaus ir buitinių nuotekų tinklai.,Ryšių g. 30,Partizanų g. 51,216,Medvėgalio g. 30,,,,,,,,,,,,,,,,,,,,,,,,,,,,,,,,,,,,,,,,,,,,,,,,,,,,,,,,,,,,,,,,,
2018-11-21,Lapkričio 21 d. nuo 22 val. iki 22 d. 6 val. laikinai bus nutrauktas vandens tiekimas. Atnaujinus vandens tiekimą laikinai gali pablogėti vandens kokybė.,Vaidoto g. 36,Vaidoto g. 42-48,Vaidoto g. 68-114,Vaidoto g. 79-149,Kareivinių g. 2-10,Kareivinių g. 3-9,Z. Gerulaičio g. 2,Z. Gerulaičio g. 4,Z. Gerulaičio g. 6,K. Veverskio g. 1,K. Veverskio g. 3,K. Veverskio g. 4,K. Veverskio g. 6,,,,,,,,,,,,,,,,,,,,,,,,,,,,,,,,,,,,,,,,,,,,,,,,,,,,,,,,
2018-11-21,remontuojama vandentiekio kamera.,Obelių g. 12 (Domeikava),,,,,,,,,,,,,,,,,,,,,,,,,,,,,,,,,,,,,,,,,,,,,,,,,,,,,,,,,,,,,,,,,,,,
2018-11-21,atjungiamas vandentiekio įvadas.,Romuvos g. 19 (Romainiai),,,,,,,,,,,,,,,,,,,,,,,,,,,,,,,,,,,,,,,,,,,,,,,,,,,,,,,,,,,,,,,,,,,,
2018-11-21,tikrinami vandentiekio tinklai.,Rietavo g. 17,,,,,,,,,,,,,,,,,,,,,,,,,,,,,,,,,,,,,,,,,,,,,,,,,,,,,,,,,,,,,,,,,,,,
2018-11-21,"tikslinamos vandens nutekėjimo vietos, demontuojami ir montuojami vandens nutekėjimo davikliai.",M. Gimbutienės g.,T. Masiulio g.,Eglutės takas,Energetikų g.,Nemajūnų g.,,,,,,,,,,,,,,,,,,,,,,,,,,,,,,,,,,,,,,,,,,,,,,,,,,,,,,,,,,,,,,,,
2018-11-21,tikrinami gaisriniai hidrantai.,Aukštieji Šančiai,,,,,,,,,,,,,,,,,,,,,,,,,,,,,,,,,,,,,,,,,,,,,,,,,,,,,,,,,,,,,,,,,,,,
2018-11-21,"remontuojami šuliniai, keičiami dangčiai ir liukai.",Neries krantinė 14,"R. Mizaros g. 7, Garliava",,,,,,,,,,,,,,,,,,,,,,,,,,,,,,,,,,,,,,,,,,,,,,,,,,,,,,,,,,,,,,,,,,,
2018-11-21,remontuojama nuotekų linija.,Vilniaus g. 36,,,,,,,,,,,,,,,,,,,,,,,,,,,,,,,,,,,,,,,,,,,,,,,,,,,,,,,,,,,,,,,,,,,,
2018-11-21,tikrinami ir plaunami lietaus ir buitinių nuotekų tinklai.,Ryšių g. 30,Liškiavos g. 7 - 17,A. Juozapavičiaus pr. 24,,,,,,,,,,,,,,,,,,,,,,,,,,,,,,,,,,,,,,,,,,,,,,,,,,,,,,,,,,,,,,,,,,
2018-11-20,prieš atnaujinant vandens tiekimą tikrinamos vandentiekio sklendės.,Įgulos g.,"Seminarijos g., Domeikava",,,,,,,,,,,,,,,,,,,,,,,,,,,,,,,,,,,,,,,,,,,,,,,,,,,,,,,,,,,,,,,,,,,
2018-11-20,remontuojama vandentiekio linija.,Žiburių g. 34,,,,,,,,,,,,,,,,,,,,,,,,,,,,,,,,,,,,,,,,,,,,,,,,,,,,,,,,,,,,,,,,,,,,
2018-11-20,remontuojama vandentiekio kamera.,Jurbarko g. 37,,,,,,,,,,,,,,,,,,,,,,,,,,,,,,,,,,,,,,,,,,,,,,,,,,,,,,,,,,,,,,,,,,,,
2018-11-20,tikrinami vandentiekio tinklai.,Šarkuvos g. 33,Rietavo g. 5,,,,,,,,,,,,,,,,,,,,,,,,,,,,,,,,,,,,,,,,,,,,,,,,,,,,,,,,,,,,,,,,,,,
2018-11-20,"tikslinamos vandens nutekėjimo vietos, montuojami vandens nutekėjimo davikliai.",Energetikų g.,Nemajūnų g.,T. Masiulio g.,,,,,,,,,,,,,,,,,,,,,,,,,,,,,,,,,,,,,,,,,,,,,,,,,,,,,,,,,,,,,,,,,,
2018-11-20,"tikrinami vandentiekio tinklai ir sklendės, matuojamas vandens slėgis.",Raudondvario pl. 99,,,,,,,,,,,,,,,,,,,,,,,,,,,,,,,,,,,,,,,,,,,,,,,,,,,,,,,,,,,,,,,,,,,,
2018-11-20,remontuojama nuotekų linija.,"Maumedžių g. 11, Noreikiškės",,,,,,,,,,,,,,,,,,,,,,,,,,,,,,,,,,,,,,,,,,,,,,,,,,,,,,,,,,,,,,,,,,,,
2018-11-20,tikrinami nuotekų šuliniai.,Antanavos g. 6,,,,,,,,,,,,,,,,,,,,,,,,,,,,,,,,,,,,,,,,,,,,,,,,,,,,,,,,,,,,,,,,,,,,
2018-11-20,tikrinami ir plaunami lietaus ir buitinių nuotekų tinklai.,Žvaigždžių g. 15,Žiemių g. 3,Muitinės g. 13,Neries krantinė 9,Vaidoto g. 17-19,Piliakalnio g. 10,,,,,,,,,,,,,,,,,,,,,,,,,,,,,,,,,,,,,,,,,,,,,,,,,,,,,,,,,,,,,,,
2018-11-19,remontuojama vandentiekio linija.,R. Kalantos g. 120,,,,,,,,,,,,,,,,,,,,,,,,,,,,,,,,,,,,,,,,,,,,,,,,,,,,,,,,,,,,,,,,,,,,
2018-11-19,remontuojamas vandentiekio įvadas.,Partizanų g. 138,,,,,,,,,,,,,,,,,,,,,,,,,,,,,,,,,,,,,,,,,,,,,,,,,,,,,,,,,,,,,,,,,,,,
2018-11-19,permontuojamas vandens apskaitos mazgas.,V. Kuzmos g. 8,,,,,,,,,,,,,,,,,,,,,,,,,,,,,,,,,,,,,,,,,,,,,,,,,,,,,,,,,,,,,,,,,,,,
2018-11-19,"remontuojamas šulinys, keičiamas liukas ir dangtis.",Vaistinės skg. 14,,,,,,,,,,,,,,,,,,,,,,,,,,,,,,,,,,,,,,,,,,,,,,,,,,,,,,,,,,,,,,,,,,,,
2018-11-19,tikrinami vandentiekio šuliniai.,Puodžių g. 8,,,,,,,,,,,,,,,,,,,,,,,,,,,,,,,,,,,,,,,,,,,,,,,,,,,,,,,,,,,,,,,,,,,,
2018-11-19,tikrinami vandentiekio tinklai.,Kuršių g. 12,Šarkuvos g. 17,,,,,,,,,,,,,,,,,,,,,,,,,,,,,,,,,,,,,,,,,,,,,,,,,,,,,,,,,,,,,,,,,,,
2018-11-19,tikslinamos vandens nutekėjimo vietos.,T. Masiulio g.,Nemajūnų g.,Energetikų g.,,,,,,,,,,,,,,,,,,,,,,,,,,,,,,,,,,,,,,,,,,,,,,,,,,,,,,,,,,,,,,,,,,
2018-11-19,tikrinami gaisriniai hidrantai.,Verkių g.,Žarėnų g.,Alsėdžių g.,,,,,,,,,,,,,,,,,,,,,,,,,,,,,,,,,,,,,,,,,,,,,,,,,,,,,,,,,,,,,,,,,,
2018-11-19,valomi šuliniai.,Šiltnamių g. 5,Baltų pr. 81,Josvainių g. 25A,,,,,,,,,,,,,,,,,,,,,,,,,,,,,,,,,,,,,,,,,,,,,,,,,,,,,,,,,,,,,,,,,,
2018-11-19,tikrinami ir plaunami lietaus ir buitinių nuotekų tinklai.,P. Vileišio g. 5,Palemono g. 46,Savanorių pr. 192,Baltų pr. 81,Šiltnamių g. 5,Josvainių g. 25A,,,,,,,,,,,,,,,,,,,,,,,,,,,,,,,,,,,,,,,,,,,,,,,,,,,,,,,,,,,,,,,
2018-11-16,plaunama vandentiekio linija.,Veiverių g.,Lakūnų pl.,,,,,,,,,,,,,,,,,,,,,,,,,,,,,,,,,,,,,,,,,,,,,,,,,,,,,,,,,,,,,,,,,,,
2018-11-16,prieš nutraukiant vandens tiekimą tikrinamos sklendės.,Veiverių g.,Europos pr.,,,,,,,,,,,,,,,,,,,,,,,,,,,,,,,,,,,,,,,,,,,,,,,,,,,,,,,,,,,,,,,,,,,
2018-11-16,keičiama įvadinė vandentiekio sklendė.,Lazdijų g. 64,,,,,,,,,,,,,,,,,,,,,,,,,,,,,,,,,,,,,,,,,,,,,,,,,,,,,,,,,,,,,,,,,,,,
2018-11-16,remontuojamas vandens apskaitos mazgas.,E. Fryko g. 9,,,,,,,,,,,,,,,,,,,,,,,,,,,,,,,,,,,,,,,,,,,,,,,,,,,,,,,,,,,,,,,,,,,,
2018-11-16,tikrinami gaisriniai hidrantai.,Islandijos pl.,Šiaurės pr.,,,,,,,,,,,,,,,,,,,,,,,,,,,,,,,,,,,,,,,,,,,,,,,,,,,,,,,,,,,,,,,,,,,
2018-11-16,valomi ir remontuojami šuliniai.,Maumedžių g. 11,Stumbro g. 1,Sąjungos a. 11,,,,,,,,,,,,,,,,,,,,,,,,,,,,,,,,,,,,,,,,,,,,,,,,,,,,,,,,,,,,,,,,,,
2018-11-16,remontuojama buitinių nuotekų tinklo linija.,Draugystės g. 8,,,,,,,,,,,,,,,,,,,,,,,,,,,,,,,,,,,,,,,,,,,,,,,,,,,,,,,,,,,,,,,,,,,,
2018-11-16,tikrinami ir plaunami lietaus ir buitinių nuotekų tinklai.,Vilniaus g. 36,Gintariškių g. 25,Neries kr. 9,Ryšių g. 30,Partizanų pr. 90 – 108,Stumbro g. 1,Juozapavičiaus pr. 24,Maumedžių g. 11,Žvaigždžių g. 15,,,,,,,,,,,,,,,,,,,,,,,,,,,,,,,,,,,,,,,,,,,,,,,,,,,,,,,,,,,,
2018-11-15,"15 d. dėl vandentiekio rekonstrukcijos darbų laikinai nutraukiamas vandens tiekimas - nuo 13 val. iki 15 val. (Birutės g. atkarpoje nuo Vaidoto g. iki Pušų g.),",Birutės g.,Medžių g.,J. Staugaičio g.,,,,,,,,,,,,,,,,,,,,,,,,,,,,,,,,,,,,,,,,,,,,,,,,,,,,,,,,,,,,,,,,,,
2018-11-15,"nuo 20 val. iki 6 val.  (atkarpoje nuo Europos pr. iki Lakūnų pl.),",Veiverių g.,,,,,,,,,,,,,,,,,,,,,,,,,,,,,,,,,,,,,,,,,,,,,,,,,,,,,,,,,,,,,,,,,,,,
2018-11-15,nuo 23 val. iki 2 val.,(Vijūkų k. ir Giraitės k.) Adolfo Šapokos g. (nuo Girios g. iki Topolių g.),Pušyno g.,Beržų g.,Žaros g.,Bajorų g.,Aguonų g.,Jazminų g.,Ąžuolų g.,,,,,,,,,,,,,,,,,,,,,,,,,,,,,,,,,,,,,,,,,,,,,,,,,,,,,,,,,,,,,
2018-11-15,16 d. dėl vandentiekio rekonstrukcijos darbų laikinai nutraukiamas vandens tiekimas - nuo 2 val. iki 5 val. Atnaujinus vandens tiekimą laikinai gali pablogėti vandens kokybė.,Savanorių pr. 290A,Savanorių pr. 290B,Savanorių pr. 292,Savanorių pr. 292B,,,,,,,,,,,,,,,,,,,,,,,,,,,,,,,,,,,,,,,,,,,,,,,,,,,,,,,,,,,,,,,,,
2018-11-15,remontuojami vandentiekio įvadai.,Pramonės pr. 31,Verkių g. 35,,,,,,,,,,,,,,,,,,,,,,,,,,,,,,,,,,,,,,,,,,,,,,,,,,,,,,,,,,,,,,,,,,,
2018-11-15,remontuojamas vandens apskaitos mazgas.,Vaižganto g. 9A,,,,,,,,,,,,,,,,,,,,,,,,,,,,,,,,,,,,,,,,,,,,,,,,,,,,,,,,,,,,,,,,,,,,
2018-11-15,tikrinami vandentiekio tinklai.,A. Purėno g. 32,Vaižganto g. 12,Baltų pr. 105,,,,,,,,,,,,,,,,,,,,,,,,,,,,,,,,,,,,,,,,,,,,,,,,,,,,,,,,,,,,,,,,,,
2018-11-15,tikrinamos vandentiekio sklendės.,Neries kr.,,,,,,,,,,,,,,,,,,,,,,,,,,,,,,,,,,,,,,,,,,,,,,,,,,,,,,,,,,,,,,,,,,,,
2018-11-15,remontuojamas buitinių nuotekų tinklo šulinys.,Sąjungos a.,,,,,,,,,,,,,,,,,,,,,,,,,,,,,,,,,,,,,,,,,,,,,,,,,,,,,,,,,,,,,,,,,,,,
2018-11-15,tikrinami ir plaunami lietaus ir buitinių nuotekų tinklai.,Rokų g. 34,Virgalės g. Vilniaus g. 36,Sandėlių g. 7,A. Kačanausko g. 11,Užliedžių g. 19,A. Juozapavičiaus pr. 24,Ramybės g. 53,Maumedžių g. 11,Aukštoji g. 3,,,,,,,,,,,,,,,,,,,,,,,,,,,,,,,,,,,,,,,,,,,,,,,,,,,,,,,,,,,,
2018-11-15,valomi buitinių nuotekų tinklo šuliniai.,Maumedžių g. 11,A. Juozapavičiaus pr. 24,,,,,,,,,,,,,,,,,,,,,,,,,,,,,,,,,,,,,,,,,,,,,,,,,,,,,,,,,,,,,,,,,,,
2018-11-14,Dėl vandentiekio sklendžių keitimo darbų 14 d. nuo 9 val. iki 17 val. laikinai bus nutrauktas vandens tiekimas J. Mateikos g. ir S. Moniuškos g. (atkarpoje tarp J. Mateikos g. ir M. Jankaus g.). Atnaujinus vandens tiekimą laikinai gali pablogėti vandens kokybė.,J. Mateikos g.,S. Moniuškos g.,,,,,,,,,,,,,,,,,,,,,,,,,,,,,,,,,,,,,,,,,,,,,,,,,,,,,,,,,,,,,,,,,,,
2018-11-14,remontuojama vandentiekio linija.,Universiteto g. 6,,,,,,,,,,,,,,,,,,,,,,,,,,,,,,,,,,,,,,,,,,,,,,,,,,,,,,,,,,,,,,,,,,,,
2018-11-14,remontuojamas vandentiekio įvadas.,Jonavos g. 136,,,,,,,,,,,,,,,,,,,,,,,,,,,,,,,,,,,,,,,,,,,,,,,,,,,,,,,,,,,,,,,,,,,,
2018-11-14,tikrinamos ir keičiamos vandentiekio sklendės.,Baterijos pl.,Seinų g.,Siūlų g.,Drobės g.,Nyčių g.,Šeivų g.,Pušyno g. Trakų g. 1,,,,,,,,,,,,,,,,,,,,,,,,,,,,,,,,,,,,,,,,,,,,,,,,,,,,,,,,,,,,,,
2018-11-14,demontuojami vandens nutekėjimo davikliai.,Chemijos g.,Studentų g.,,,,,,,,,,,,,,,,,,,,,,,,,,,,,,,,,,,,,,,,,,,,,,,,,,,,,,,,,,,,,,,,,,,
2018-11-14,plaunami šuliniai.,Užliedžių g. 19,Sandėlių g. 7,Ramunių g. 7,,,,,,,,,,,,,,,,,,,,,,,,,,,,,,,,,,,,,,,,,,,,,,,,,,,,,,,,,,,,,,,,,,
2018-11-14,keičiami šulinių liukai ir dangčiai.,Piliakalnio g. 63,Aukštoji g. 3,,,,,,,,,,,,,,,,,,,,,,,,,,,,,,,,,,,,,,,,,,,,,,,,,,,,,,,,,,,,,,,,,,,
2018-11-14,tikrinami vandentiekio tinklai.,Vaižganto g.,L. Ivinskio g.,Erdvės g.,,,,,,,,,,,,,,,,,,,,,,,,,,,,,,,,,,,,,,,,,,,,,,,,,,,,,,,,,,,,,,,,,,
2018-11-14,tikrinami ir plaunami lietaus ir buitinių nuotekų tinklai.,Virgalės g.,Sandėlių g. 7,Partizanų g. 49,A. Kačanausko g. 11,,,,,,,,,,,,,,,,,,,,,,,,,,,,,,,,,,,,,,,,,,,,,,,,,,,,,,,,,,,,,,,,,
2018-11-13,vandentiekio tinkluose matuojamas vandens slėgis.,Nemuno g. 25,,,,,,,,,,,,,,,,,,,,,,,,,,,,,,,,,,,,,,,,,,,,,,,,,,,,,,,,,,,,,,,,,,,,
2018-11-13,"tikslinamos vandens nutekėjimo vietos, montuojami vandens nutekėjimo davikliai.",Chemijos g. 17A,Studentų g.,A. Baranausko g.,,,,,,,,,,,,,,,,,,,,,,,,,,,,,,,,,,,,,,,,,,,,,,,,,,,,,,,,,,,,,,,,,,
2018-11-13,tikrinamos vandentiekio sklendės.,Veiverių g.,Lakūnų g.,Europos pr.,,,,,,,,,,,,,,,,,,,,,,,,,,,,,,,,,,,,,,,,,,,,,,,,,,,,,,,,,,,,,,,,,,
2018-11-13,tikrinami ir plaunami buitinių nuotekų tinklai.,J. Žemgulio g. 7,Salyno g.,Virgalės g.,Partizanų g. 49B,T. Masiulio g. 13A,,,,,,,,,,,,,,,,,,,,,,,,,,,,,,,,,,,,,,,,,,,,,,,,,,,,,,,,,,,,,,,,
2018-11-13,remontuojami šuliniai.,Rimvydo g. 7,Vilniaus g. 28A,Demokratų g. 37,Šv. Gertrūdos g. 39,Kovo 11-osios g. 45,,,,,,,,,,,,,,,,,,,,,,,,,,,,,,,,,,,,,,,,,,,,,,,,,,,,,,,,,,,,,,,,
2018-11-13,plaunami šuliniai.,Užliedžių g. 19,Pyvesos g. 23,Palemono g. 46,,,,,,,,,,,,,,,,,,,,,,,,,,,,,,,,,,,,,,,,,,,,,,,,,,,,,,,,,,,,,,,,,,
2018-11-12,remontuojama vandentiekio linija.,Jazminų g. 37,,,,,,,,,,,,,,,,,,,,,,,,,,,,,,,,,,,,,,,,,,,,,,,,,,,,,,,,,,,,,,,,,,,,
2018-11-12,permontuojamas vandens apskaitos mazgas.,Trakų g. 7,,,,,,,,,,,,,,,,,,,,,,,,,,,,,,,,,,,,,,,,,,,,,,,,,,,,,,,,,,,,,,,,,,,,
2018-11-12,tikrinami vandentiekio įvadai ir sklendės.,M. Riomerio g.,Biržiškų g.,A. ir J. Gravrogkų g.,K. Baršausko g.,,,,,,,,,,,,,,,,,,,,,,,,,,,,,,,,,,,,,,,,,,,,,,,,,,,,,,,,,,,,,,,,,
2018-11-12,tikrinami vandentiekio tinklai.,Lekėčių g.,,,,,,,,,,,,,,,,,,,,,,,,,,,,,,,,,,,,,,,,,,,,,,,,,,,,,,,,,,,,,,,,,,,,
2018-11-12,tikrinami ir plaunami buitinių nuotekų tinklai.,Partizanų g,9,A. Kačanausko g. 11,Laisvės al. 74,A. Juozapavičiaus pr. 24,,,,,,,,,,,,,,,,,,,,,,,,,,,,,,,,,,,,,,,,,,,,,,,,,,,,,,,,,,,,,,,,
2018-11-12,tikslinami neteisėti lietus nuotekų pajungimo į buitinių nuotekų tinklus atvejai.,V. Montvilos g.,Vienybės g.,Pavasario g. (Garliavoje),,,,,,,,,,,,,,,,,,,,,,,,,,,,,,,,,,,,,,,,,,,,,,,,,,,,,,,,,,,,,,,,,,
2018-11-09,remontuojamas vandentiekio įvadas.,Mažoji g. 11,,,,,,,,,,,,,,,,,,,,,,,,,,,,,,,,,,,,,,,,,,,,,,,,,,,,,,,,,,,,,,,,,,,,
2018-11-09,tikrinami šuliniai ir sklendės.,Aukštaičių g.,Kauko al.,,,,,,,,,,,,,,,,,,,,,,,,,,,,,,,,,,,,,,,,,,,,,,,,,,,,,,,,,,,,,,,,,,,
2018-11-09,"remontuojamas gaisrinis hidrantas, permontuojamas šulinys.",Vaidoto g. 19,,,,,,,,,,,,,,,,,,,,,,,,,,,,,,,,,,,,,,,,,,,,,,,,,,,,,,,,,,,,,,,,,,,,
2018-11-09,valomi šuliniai.,Vasario 16 - osios g. 9,Lukšynės g. 15,,,,,,,,,,,,,,,,,,,,,,,,,,,,,,,,,,,,,,,,,,,,,,,,,,,,,,,,,,,,,,,,,,,
2018-11-09,remontuojama buitinių nuotekų tinklo linija.,Muitinės g. 27 (Domeikava ),,,,,,,,,,,,,,,,,,,,,,,,,,,,,,,,,,,,,,,,,,,,,,,,,,,,,,,,,,,,,,,,,,,,
2018-11-09,tikrinami ir plaunami lietaus ir buitinių nuotekų tinklai.,Partizanų g. 9,Romainių g. 96,Kuršių g. 12,Vasario 16 - osios g. 9,Lukšynės g. 15,Apuolės g. 7,Salyno g.,Virgalės g.,,,,,,,,,,,,,,,,,,,,,,,,,,,,,,,,,,,,,,,,,,,,,,,,,,,,,,,,,,,,,
2018-11-08,"atkarpoje nuo L. Sapiegos g. iki Vilniaus g. bus tikrinama vandentiekio linija ir įvadai. Pastebėjus, jog sutriko vandens tiekimas, gyventojų prašoma skambinti avarinei tarnybai tel. (8 37) 31 35 92.",Laisvės al.,,,,,,,,,,,,,,,,,,,,,,,,,,,,,,,,,,,,,,,,,,,,,,,,,,,,,,,,,,,,,,,,,,,,
2018-11-08,remontuojamas buitinių nuotekų tinklas.,Trakų g. 34,Nemuno g. 47,,,,,,,,,,,,,,,,,,,,,,,,,,,,,,,,,,,,,,,,,,,,,,,,,,,,,,,,,,,,,,,,,,,
2018-11-08,tikrinami buitinių nuotekų tinklai.,T. Masiulio g. 18,Medvėgalio g. 25,Aušros g. 30,Aušros g. 65,Rožių g. 7,,,,,,,,,,,,,,,,,,,,,,,,,,,,,,,,,,,,,,,,,,,,,,,,,,,,,,,,,,,,,,,,
2018-11-08,valomi šuliniai.,T. Masiulio g. 18,Medvėgalio g. 25,,,,,,,,,,,,,,,,,,,,,,,,,,,,,,,,,,,,,,,,,,,,,,,,,,,,,,,,,,,,,,,,,,,
2018-11-08,tikslinami neteisėti lietaus nuotekų pajungimo į buitinių nuotekų tinklą atvejai.,Tremtinių g. 13,,,,,,,,,,,,,,,,,,,,,,,,,,,,,,,,,,,,,,,,,,,,,,,,,,,,,,,,,,,,,,,,,,,,
2018-11-07,Dėl vandentiekio remonto darbų 7 d. nuo 9 val. iki 18 val. laikinai bus nutrauktas vandens tiekimas. Atnaujinus vandens tiekimą gali pablogėti vandens kokybė.,Šilelio g.,Įgulos g.,Seminarijos g.,Varpo g.,Vijuonos g.,Girios g.,Tūkstantmečio g.,Neringos g.,Žuvų g. (Šakių k. Domeikavos seniūnija),,,,,,,,,,,,,,,,,,,,,,,,,,,,,,,,,,,,,,,,,,,,,,,,,,,,,,,,,,,,
2018-11-07,"atkarpoje nuo L. Sapiegos g. iki Vilniaus g. bus tikrinama vandentiekio linija ir įvadai. Pastebėjus, jog sutriko vandens tiekimas, gyventojų prašoma skambinti avarinei tarnybai tel. (8 37) 31 35 92.",Laisvės al.,,,,,,,,,,,,,,,,,,,,,,,,,,,,,,,,,,,,,,,,,,,,,,,,,,,,,,,,,,,,,,,,,,,,
2018-11-07,remontuojama vandentiekio linija.,Chemijos g. 29A,,,,,,,,,,,,,,,,,,,,,,,,,,,,,,,,,,,,,,,,,,,,,,,,,,,,,,,,,,,,,,,,,,,,
2018-11-07,remontuojamas vandens apskaitos mazgas.,Savanorių pr. 129,,,,,,,,,,,,,,,,,,,,,,,,,,,,,,,,,,,,,,,,,,,,,,,,,,,,,,,,,,,,,,,,,,,,
2018-11-07,remontuojamas vandentiekio įvadas.,E. Ožeškienės g. 45,,,,,,,,,,,,,,,,,,,,,,,,,,,,,,,,,,,,,,,,,,,,,,,,,,,,,,,,,,,,,,,,,,,,
2018-11-07,tikrinamos vandentiekio sklendės.,Vandžiogalos g.,Stumbro g.,Siūlų g.,,,,,,,,,,,,,,,,,,,,,,,,,,,,,,,,,,,,,,,,,,,,,,,,,,,,,,,,,,,,,,,,,,
2018-11-07,matuojamas vandens slėgis.,Trakų g.,,,,,,,,,,,,,,,,,,,,,,,,,,,,,,,,,,,,,,,,,,,,,,,,,,,,,,,,,,,,,,,,,,,,
2018-11-07,tikrinami ir plaunami lietaus ir buitinių nuotekų tinklai.,Vytauto pr.19,Tvirtovės al. 86,Kovo 11 - osios g. 57 Pramonės pr. 9,A. Juozapavičiaus pr. 114,Dubingių g. 1A,,,,,,,,,,,,,,,,,,,,,,,,,,,,,,,,,,,,,,,,,,,,,,,,,,,,,,,,,,,,,,,,
2018-11-07,valomi šuliniai.,S. Santvaro g. 46-44,Prancūzų g. 68A,Dubingių g. 1,Kovo 11-osios g. 57,,,,,,,,,,,,,,,,,,,,,,,,,,,,,,,,,,,,,,,,,,,,,,,,,,,,,,,,,,,,,,,,,
2018-11-06,Dėl vandentiekio remonto darbų 7 d. nuo 9 val. iki 18 val. laikinai bus nutrauktas vandens tiekimas. Atnaujinus vandens tiekimą gali pablogėti vandens kokybė.,Šilelio g.,Įgulos g.,Seminarijos g.,Varpo g.,Vijuonos g.,Girios g.,Tūkstantmečio g.,Neringos g.,Žuvų g. (Šakių k. Domeikavos seniūnija),,,,,,,,,,,,,,,,,,,,,,,,,,,,,,,,,,,,,,,,,,,,,,,,,,,,,,,,,,,,
2018-11-06,prieš nutraukiant vandens tiekimą tikrinamos sklendės ir vandentiekio tinklai.,"Tetervinų al., Šakių k.","Verkių g. 63, Šakių k.",,,,,,,,,,,,,,,,,,,,,,,,,,,,,,,,,,,,,,,,,,,,,,,,,,,,,,,,,,,,,,,,,,,
2018-11-06,permontuojami vandens apskaitos mazgai.,V. Landsbergio - Žemkalnio g. 9,M. Daukšos g. 16,Aukštųjų Kaniūkų g. 41,,,,,,,,,,,,,,,,,,,,,,,,,,,,,,,,,,,,,,,,,,,,,,,,,,,,,,,,,,,,,,,,,,
2018-11-06,tikslinamos vandens nutekėjimo vietos.,Atžalyno g. (Garliava),,,,,,,,,,,,,,,,,,,,,,,,,,,,,,,,,,,,,,,,,,,,,,,,,,,,,,,,,,,,,,,,,,,,
2018-11-06,remontuojami šuliniai.,Obuolių g. 3,Veršvos g. 2,,,,,,,,,,,,,,,,,,,,,,,,,,,,,,,,,,,,,,,,,,,,,,,,,,,,,,,,,,,,,,,,,,,
2018-11-06,tikrinami ir plaunami lietaus ir buitinių nuotekų tinklai.,Šilainių pl. 19,Naujakurių g. 30,Taikos pr. 70,86,Pramonės pr. 9,Prancūzų g. 68A,Pilėnų g. 6,Demokratų g. 37,Šv. Gertrūdos g. 39,Smėlio g.,Mažoji g.,,,,,,,,,,,,,,,,,,,,,,,,,,,,,,,,,,,,,,,,,,,,,,,,,,,,,,,,,,
2018-11-06,tikslinimai neteisėti lietaus nuotekų pajungimo į buitinių nuotekų tinklą atvejai.,Gvazdikų g.,Darbininkų g.,,,,,,,,,,,,,,,,,,,,,,,,,,,,,,,,,,,,,,,,,,,,,,,,,,,,,,,,,,,,,,,,,,,
2018-11-05,remontuojama vandentiekio linija.,Kopų g. 18,,,,,,,,,,,,,,,,,,,,,,,,,,,,,,,,,,,,,,,,,,,,,,,,,,,,,,,,,,,,,,,,,,,,
2018-11-05,keičiama vandentiekio sklendė.,Vasario 16-osios g. 8 (Garliava),,,,,,,,,,,,,,,,,,,,,,,,,,,,,,,,,,,,,,,,,,,,,,,,,,,,,,,,,,,,,,,,,,,,
2018-11-05,tikrinami vandentiekio tinklai.,Šiaurės pr. 41,Pramonės pr. 99,R. Kalantos g. 7,Atžalyno g. 19,,,,,,,,,,,,,,,,,,,,,,,,,,,,,,,,,,,,,,,,,,,,,,,,,,,,,,,,,,,,,,,,,
2018-11-05,tikrinamos vandentiekio sklendės.,A. Mackevičiaus g.,J. Zikaro g.,Perlojos g.,,,,,,,,,,,,,,,,,,,,,,,,,,,,,,,,,,,,,,,,,,,,,,,,,,,,,,,,,,,,,,,,,,
2018-11-05,"tikrinami ir remontuojami šuliniai, keičiami dangčiai.",Neries krantinė 2,Pilėnų g. 6,M. Daukšos g. 34A,Radastų g. 31,,,,,,,,,,,,,,,,,,,,,,,,,,,,,,,,,,,,,,,,,,,,,,,,,,,,,,,,,,,,,,,,,
2018-11-05,tikrinami ir plaunami lietaus ir buitinių nuotekų tinklai.,Mokyklos g. 9,P. Višinskio g. 77,A. Smetonos al. 57,Pabiržės g. 22,Karaliaus Mindaugo pr. 40,,,,,,,,,,,,,,,,,,,,,,,,,,,,,,,,,,,,,,,,,,,,,,,,,,,,,,,,,,,,,,,,
2018-11-02,vyks šulinių remontas,M. Daukšos g. 34A,Ašigalio g. 53,,,,,,,,,,,,,,,,,,,,,,,,,,,,,,,,,,,,,,,,,,,,,,,,,,,,,,,,,,,,,,,,,,,
2018-11-02,buitinių nuotekų linijos remontas,Kareivinių g. 5,,,,,,,,,,,,,,,,,,,,,,,,,,,,,,,,,,,,,,,,,,,,,,,,,,,,,,,,,,,,,,,,,,,,
2018-11-02,buitinių nuotekų tinklų patikra sauso dūmo generatoriumi.,Gvazdikų g.,,,,,,,,,,,,,,,,,,,,,,,,,,,,,,,,,,,,,,,,,,,,,,,,,,,,,,,,,,,,,,,,,,,,
2018-11-02,bus tikrinami ir plaunami buitinių ir lietaus nuotekų tinklai.,Europos pr. 70,Mokyklos g. 9,T. Masiulio g. 16,Vaižganto g. 9,Kazliškių g. 26,Baltijos g. 65,Geležinkelio g. 5,,,,,,,,,,,,,,,,,,,,,,,,,,,,,,,,,,,,,,,,,,,,,,,,,,,,,,,,,,,,,,
2018-10-31,remontuojamas vandens apskaitos mazgas.,Kovo 11-osios g. 37,,,,,,,,,,,,,,,,,,,,,,,,,,,,,,,,,,,,,,,,,,,,,,,,,,,,,,,,,,,,,,,,,,,,
2018-10-31,remontuojama vandentiekio kamera.,V. Krėvės pr. 58,,,,,,,,,,,,,,,,,,,,,,,,,,,,,,,,,,,,,,,,,,,,,,,,,,,,,,,,,,,,,,,,,,,,
2018-10-31,keičiamas šulinio liukas ir dangtis.,Šarkuvos g. 33,,,,,,,,,,,,,,,,,,,,,,,,,,,,,,,,,,,,,,,,,,,,,,,,,,,,,,,,,,,,,,,,,,,,
2018-10-31,"tikrinami  tinklai, šuliniai ir sklendės.",A. Smetonos al.,Ringuvos g. 32,A. Juozapavičiaus pr. 32,Smėlio g.,Malūno g.,Perlojos g.,Tilto g.,,,,,,,,,,,,,,,,,,,,,,,,,,,,,,,,,,,,,,,,,,,,,,,,,,,,,,,,,,,,,,
2018-10-31,remontuojama buitinių nuotekų tinklo linija.,Trakų g. 33,,,,,,,,,,,,,,,,,,,,,,,,,,,,,,,,,,,,,,,,,,,,,,,,,,,,,,,,,,,,,,,,,,,,
2018-10-31,tikrinami ir plaunami lietaus ir buitinių nuotekų tinklai.,J. Žemgulio g. 7,Kęstučio g. 23A,Ašigalio g. 53,Prancūzų g. 45,Vaižganto g. 9,Jonavos g. 164,,,,,,,,,,,,,,,,,,,,,,,,,,,,,,,,,,,,,,,,,,,,,,,,,,,,,,,,,,,,,,,
2018-10-31,valomi šuliniai.,Žalioji g. 11,Prancūzų g. 70,Zarasų g. 32,Ašigalio g. 35,,,,,,,,,,,,,,,,,,,,,,,,,,,,,,,,,,,,,,,,,,,,,,,,,,,,,,,,,,,,,,,,,
2018-10-30,Dėl vandentiekio rekonstrukcijos darbų 30 d. 23 val. iki 31 d. 6 val. laikinai bus nutrauktas vandens tiekimas. Atnaujinus vandens tiekimą laikinai gali pablogėti vandens kokybė.,Vaidoto g. Nr. 17-51,31-114,Mažoji g. Nr. 2-10,1-11,K. Veverskio g.,Kareivinių g. Z. Gerulaičio g.,,,,,,,,,,,,,,,,,,,,,,,,,,,,,,,,,,,,,,,,,,,,,,,,,,,,,,,,,,,,,,,
2018-10-30,laikinai nutraukiamas vandens tiekimas.,Kaišiadorių g. 10,,,,,,,,,,,,,,,,,,,,,,,,,,,,,,,,,,,,,,,,,,,,,,,,,,,,,,,,,,,,,,,,,,,,
2018-10-30,prieš nutraukiant vandens tiekimą tikrinamos vandentiekio sklendės.,Vaidoto g.,Mažoji g.,K. Veverskio g.,Z. Gerulaičio g.,Kareivinių g.,,,,,,,,,,,,,,,,,,,,,,,,,,,,,,,,,,,,,,,,,,,,,,,,,,,,,,,,,,,,,,,,
2018-10-30,"montuojami šuliniai, keičiami liukai ir dangčiai.",Nemuno g. 47,Žemaičių g. 43,Gražinos g. 48,Gedimino g. 22,Tvirtovės al. 2,,,,,,,,,,,,,,,,,,,,,,,,,,,,,,,,,,,,,,,,,,,,,,,,,,,,,,,,,,,,,,,,
2018-10-30,tikrinami ir plaunami lietaus ir buitinių nuotekų tinklai.,Vilniaus g. 28A,M. Daukšos g. 34A,Taikos pr. 70,Zarasų g. 32,Vaižganto g. 9,Ąžuolyno parkas,,,,,,,,,,,,,,,,,,,,,,,,,,,,,,,,,,,,,,,,,,,,,,,,,,,,,,,,,,,,,,,
2018-10-30,valomi šuliniai.,Taikos pr. 70,Jonavos g. 164,,,,,,,,,,,,,,,,,,,,,,,,,,,,,,,,,,,,,,,,,,,,,,,,,,,,,,,,,,,,,,,,,,,
2018-10-29,permontuojamas vandens apskaitos mazgas.,V. Krėvės pr. 58,,,,,,,,,,,,,,,,,,,,,,,,,,,,,,,,,,,,,,,,,,,,,,,,,,,,,,,,,,,,,,,,,,,,
2018-10-29,permontuojamas šulinys.,Kulvos g. 34,,,,,,,,,,,,,,,,,,,,,,,,,,,,,,,,,,,,,,,,,,,,,,,,,,,,,,,,,,,,,,,,,,,,
2018-10-29,tikrinami gaisriniai hidrantai.,Karaliaus Mindaugo pr.,Kaunakiemio g.,Prietilčio g.,,,,,,,,,,,,,,,,,,,,,,,,,,,,,,,,,,,,,,,,,,,,,,,,,,,,,,,,,,,,,,,,,,
2018-10-29,remontuojamos buitinių nuotekų tinklo linijos.,Baltų pr. 4,Demokratų g. 45,,,,,,,,,,,,,,,,,,,,,,,,,,,,,,,,,,,,,,,,,,,,,,,,,,,,,,,,,,,,,,,,,,,
2018-10-29,tikrinami ir  plaunami lietaus ir buitinių nuotekų tinklai.,Kareivinių g. 5,8,J. Žemgulio g. 17,P. Višinskio g. 75A,Spynų g. 4,Rimvydo g. 7,Zarasų g. 32,A. Smetonos al. 57A,Guobų g. 97,Birželio 23 - iosios g. 7,Gedimino g. 3,,,,,,,,,,,,,,,,,,,,,,,,,,,,,,,,,,,,,,,,,,,,,,,,,,,,,,,,,,
2018-10-29,valomi šuliniai.,Taikos pr. 70a,Gedimino g. 22,Guobų g. 97,,,,,,,,,,,,,,,,,,,,,,,,,,,,,,,,,,,,,,,,,,,,,,,,,,,,,,,,,,,,,,,,,,
2018-10-25,remontuojamos vandentiekio linijos.,Žuvinto g. 5,Partizanų g. 90,Ašmenos II-oji g. 21,,,,,,,,,,,,,,,,,,,,,,,,,,,,,,,,,,,,,,,,,,,,,,,,,,,,,,,,,,,,,,,,,,
2018-10-25,tikrinami vandentiekio tinklai.,K. Petrausko g. 15,A. Juozapavičiaus pr. 38; L. Ivinskio g. 106,Žemynos g.,,,,,,,,,,,,,,,,,,,,,,,,,,,,,,,,,,,,,,,,,,,,,,,,,,,,,,,,,,,,,,,,,,
2018-10-25,valomi šuliniai.,Varpo g. 2,Laisvės al. 40,Nemuno g. 12,,,,,,,,,,,,,,,,,,,,,,,,,,,,,,,,,,,,,,,,,,,,,,,,,,,,,,,,,,,,,,,,,,
2018-10-25,tikrinamos vandentiekio sklendės.,Linkuvos g.,Panerių g.,Pilies g.,A. Jakšto g.,,,,,,,,,,,,,,,,,,,,,,,,,,,,,,,,,,,,,,,,,,,,,,,,,,,,,,,,,,,,,,,,,
2018-10-25,tikrinami gaisriniai hidrantai.,Savanorių pr.,Lakajų g.,,,,,,,,,,,,,,,,,,,,,,,,,,,,,,,,,,,,,,,,,,,,,,,,,,,,,,,,,,,,,,,,,,,
2018-10-25,plaunami lietaus ir buitinių nuotekų tinklai.,Varpo g. 2,Laisvės al. 40,Nemuno g. 12,Širvintų g. 58,,,,,,,,,,,,,,,,,,,,,,,,,,,,,,,,,,,,,,,,,,,,,,,,,,,,,,,,,,,,,,,,,
2018-09-03,tikslinamos vandens nutekėjimo vietos.,Sodų g. 2,K. Donelaičio g. 65,,,,,,,,,,,,,,,,,,,,,,,,,,,,,,,,,,,,,,,,,,,,,,,,,,,,,,,,,,,,,,,,,,,
2018-09-03,remontuojamas šulinys.,V. Putvinskio g. 44,,,,,,,,,,,,,,,,,,,,,,,,,,,,,,,,,,,,,,,,,,,,,,,,,,,,,,,,,,,,,,,,,,,,
2018-09-03,kečiami šulinių liukai ir dangčiai.,Kranto al.,Kranto 10-oji g.,Vaižganto g. 12,,,,,,,,,,,,,,,,,,,,,,,,,,,,,,,,,,,,,,,,,,,,,,,,,,,,,,,,,,,,,,,,,,
2018-09-03,tikrinami buitinių ir lietaus nuotekų tinklai.,V. Putvinskio g. 65,Kulvos g. 28,Vytauto pr.,Bažnyčios g.,Kalniečių g. 81,R. Kalantos g. 118,Vaidoto g.,,,,,,,,,,,,,,,,,,,,,,,,,,,,,,,,,,,,,,,,,,,,,,,,,,,,,,,,,,,,,,
2018-09-03,valomi šuliniai.,V. Putvinskio g. 65,R. Kalantos g. 118,Vytauto pr.,Bažnyčios g.,,,,,,,,,,,,,,,,,,,,,,,,,,,,,,,,,,,,,,,,,,,,,,,,,,,,,,,,,,,,,,,,,